,Unnamed: 0,Star_name,Distance,Mass,Radius,name,radius,mass,distance
0,0,Sun,0.000015813,1,1,SDSS J000013.54+255418.6 [de],46.1,48.0,0.99
1,1,Sirius,0008.6,2.1,1.71,2MASS J00040288-6410358,192.0,19.0,1.63
2,3,Alpha Centauri,0004.4,1.1,1.2,2MASS J00242463-0158201,37.7,79.0,1.09
3,5,Vega,0025,2.2,2.7,2MASS J00274197+0503417,236.0,31.0,1.44
4,7,Rigel,0860,23,78.9,2MASSW J0030300-145033,87.2,54.0,0.98
5,8,Procyon,0011.4,1.5,1.9,2MASS J00332386-1521309 [de],131.0,29.0,1.43
6,9,Betelgeuse,0640[1],20,950,2MASS J00345157+0523050,31.0,42.0,0.94
7,10,Achernar,0144,6.7,9.3,2MASS 0036+1821,28.6,42.0,0.94
8,11,Hadar,0390,10.5,8.6,2MASSW J0045214+163445,57.0,23.0,1.62
9,12,Altair,0017,1.8,1.8,WISEP J004701.06+680352.1 [fr],40.0,12.0,1.3
10,13,Acrux,0320,18,8.9,2MASS J00501994-3322402 [de],34.0,40.0,0.94
11,15,Antares,0600,12,680,2MASS J00584253-0651239 [de],96.0,29.0,1.43
12,17,Pollux,0034,1.9,8.8,2MASSI J0103320+193536,70.0,52.0,0.98
13,18,Fomalhaut,0025,1.9,1.8,SDSSp J010752.33+004156.1 [de],51.0,52.0,0.98
14,19,Deneb,"2,600",19,203,2MASSI J0117474-340325 [de],163.0,20.0,1.62
15,20,Mimosa,0350,16,8.4,2MASS J01415823-4633574 [de],130.0,20.0,1.61
16,21,Regulus,0077,3.8,3.1,SDSS J015141.69+124429.6,70.0,47.0,0.97
17,25,Gacrux,0088,1.5,84,SDSS J020742.48+000056.2 [de],111.0,47.0,0.97
18,26,Bellatrix,0240,8.6,5.8,2MASS J02103857-3015313,101.0,15.0,1.53
19,27,Elnath,0130,5.0,4.2,2MASS J02340093-6442068,155.0,20.0,1.62
20,28,Miaplacidus,0110,3.5,6.8,2MASS J02411151-0326587 [de],152.0,27.0,1.41
21,29,Alnilam,"2,000",32,42,2MASS J02431371−2453298,35.0,33.0,0.99
22,30,Gamma Velorum,"01,100",9.0,6,LP 771-21,53.0,78.0,1.08
23,32,Alioth,0081,2.9,4.2,2MASS J02535980+3206373,184.0,65.0,1.9
24,33,Alnitak,01050,33,20,WISE J0254+0223,24.0,65.0,1.9
25,34,Dubhe,0120,4.25,30,DEN 0255-4700,16.2,80.0,0.97
26,35,Mirfak,0590,8.5,68,2MASS J03185403-3421292 [de],45.0,49.0,0.97
27,36,Wezen,"1,600",17,200,2MASS J03205965+1854233,47.0,88.0,1.15
28,37,Sargas,0270,5.7,26,2MASS J03231002-4631237,192.0,23.0,1.66
29,38,Kaus Australis,0140,3.5,6.8,SDSS J032553.17+042540.1,59.0,45.0,0.95
30,39,Avior,0630,9.0,130,2MASS J03264225-2102057 [de],80.0,18.0,1.3
31,40,Alkaid,0104,6.1,3.4,2MASS J03284265+2302051 [de],98.0,54.0,0.98
32,41,Menkalinan,081,2.39,2.77,2MASS J03341218-4953322,27.0,73.0,1.04
33,42,Atria,0390,7,92,LP 944-20,20.9,73.0,1.43
34,43,Alhena,0109,2.8,3.3,2MASP J0345432+254023,88.0,74.0,1.05
35,44,Peacock,0180,5.9,4.8,Teide 1,380.0,55.0,3.78
36,45,Alsephina[2],0080,2.4,2.9,2MASS J03510004-0052452,48.0,102.0,1.27
37,46,Mirzam,0500,13.5,10,2MASS J03552337+1133437,29.8,20.0,1.32
38,48,Alphard,0180,3.0,50,2MASS J04151954−0935066,18.6,30.0,0.95
39,50,Scheat,0196,2.1,95,2MASS J04285096-2253227 [de],85.0,80.0,1.09
40,51,Almaaz,0653,15,140,2MASS J04351612-1606574,34.0,100.0,1.26
41,52,Rasalgethi,0360,2.8,280,2MASS J04362788-4114465,142.0,39.0,1.97
42,53,Tau Ceti,011.9,0.783,0.893,2MASS J04390101-2353083 [de],29.5,48.0,0.97
43,55,Ran,010.48,0.82,0.74,2MASS J04433764+0002040,82.0,22.0,1.78
44,56,V382 Carinae,"08,900",20,485,2MASS J04455387-3048204 [de],42.0,64.0,1.0
45,57,Eta Carinae,"07,500",100,60 - 881,2MASS J04510093-3402150 [de],69.0,72.0,1.04
46,58,Delta Cephei,0887,4.5,44.5,2MASS J05002100+0330501 [de],44.0,64.0,1.0
47,59,Mu Cephei,"06,000",19.2,972,2MASS J05012406-0010452 [de],64.0,21.0,1.38
48,60,Titawin,044.25,1.27,1.48,2MASS J05160945-0445499 [de],73.0,47.0,0.97
49,61,Rho Cassiopeiae,"08,154",22,636-981,2MASS J0523−1403,40.0,68.0,1.01
50,63,,,,,SDSS J053951.99-005902.0,41.62,61.0,1.01
51,65,61 Cygni,011.41,0.7,0.665,LSR 0602+3910 [de],34.6,28.0,1.41
52,66,R Doradus,0178,0.7 - 1.0,298,2MASS J06085283-2753583,102.0,38.0,1.51
53,69,54 Piscium,036.1,0.76,0.94,2MASS J06244595-4521548 [de],39.0,56.0,0.99
54,70,Mira,0300,1.2,370,2MASS J06411840-4322329 [de],65.0,67.0,1.01
55,71,RW Cephei,"014,000",13.9,"1,158",DENIS-P J0652197-253450 [de],51.0,75.0,1.05
56,73,V838 Monocerotis,"019,896",?,380 - 750,2MASS J07075327-4900503,60.0,72.0,1.03
57,74,HD 140283,0202,0.81,2.04,UGPS J072227.51-054031.2,13.4,26.0,0.98
58,75,II Pegasi,0130,0.8,3.4,2MASSI J0727182+171001 [de],29.6,41.0,0.94
59,76,VY Canis Majoris,"03,900",17,"1,420",2MASS J07290002-3954043 [de],25.8,37.0,0.94
60,77,Pistol Star,"025,000",100,320,SDSS J074201.41+205520.5 [de],49.0,43.0,0.94
61,79,UY Scuti,"05,100",7 - 10,755,DENIS-P J0751164-253043 [de],55.0,71.0,1.03
62,80,Barnard's Star,05.98,0.14,0.20,2MASS J07522390+1612157,60.0,68.0,2.01
63,81,HE 1523-0901,"010,000",0.80,27,DENIS J081730.0-615520,16.1,44.0,0.94
64,84,R136a1,"0163,000",290,32,2MASS J08251968+2115521 [de],35.0,52.0,0.98
65,85,Melnick 42,"0163,000",189,21.1,SDSSp J083008.12+482847.4 [de],43.0,48.0,0.99
66,86,WR 102,"018,134",19,0.39,LHS 2021,55.0,88.0,1.15
67,87,VFTS 352,"0164,000",57.48,14.47,SDSS J083048.80+012831.1 [de],77.0,46.0,0.96
68,88,YBP 1194,"02,772",1.01,0.99,2MASSI J0835425-081923 [de],23.53,62.0,1.0
69,89,Gliese 1214,047.5,0.16,0.21,2MASSI J0847287-153237 [de],43.0,64.0,1.0
70,90,Luhman 16,06.50,0.03 + 0.03,?,2MASS J08533619-0329321,27.6,77.0,1.07
71,91,NML Cygni,"05,251",50,"1,640 - 2,770",2MASSI J0859254-194926 [de],50.0,50.0,0.98
72,93,WOH G64,"0163,000",<20,"1,540 - 1,730",2MASSI J0937347+293142,20.0,42.0,0.94
73,94,TRAPPIST-1,039.6,0.089,0.12,2MASS 0939−2448,17.4,32.0,0.95
74,95,2MASS J0523-1403,040.3,0.07,0.086,2MASS J09490860-1545485 [de],59.0,49.0,0.96
75,96,WISE 0855−0714,07.27,0.003,?,2MASS J10073369-4555147,46.0,44.0,0.94
76,97,Icarus,"014,400,000,000",33,?,2MASSI J1010148-040649 [de],55.0,51.0,0.98
77,100,,,,,2MASS J10224821+5825453 [de],60.0,27.0,1.41
78,101,,,,,2MASSW J1036530-344138 [de],53.0,49.0,0.97
79,102,,,,,2MASS J1047538+212423 [de],34.4,42.0,0.94
80,103,,,,,Luhman 16B,6.516,43.0,1.02
81,104,,,,,Luhman 16A,6.516,40.0,1.01
82,105,,,,,DENIS-P J1058.7−1548,49.0,64.0,1.0
83,106,,,,,TWA 28,180.0,36.0,2.39
84,107,,,,,Cha 110913-773444,163.0,8.0,1.8
85,109,,,,,SDSS J111010.01+011613.1,63.0,9.0,1.24
86,110,,,,,2MASS J11145133−2618235,18.2,33.0,0.96
87,111,,,,,TWA 26,137.0,30.0,2.2
88,113,,,,,2MASS J11544223-3400390 [de],129.0,37.0,1.5
89,114,,,,,2MASSW J1155395-372735 [de],31.0,64.0,1.0
90,117,,,,,2MASS J12074836-3900043,217.0,17.0,1.71
91,118,,,,,2MASSI J1217110-031113 [de],36.0,42.0,0.94
92,121,,,,,2M 1237+6526,45.6,41.0,0.94
93,123,,,,,TWA 29,262.0,25.0,2.0
94,124,,,,,SDSSp J125453.90-012247.4 [de],38.0,47.0,0.98
95,125,,,,,Kelu-1A,61.0,63.0,0.98
96,126,,,,,Kelu-1B,61.0,58.0,0.98
97,127,,,,,2MASS J13204427+0409045,101.0,67.0,1.01
98,128,,,,,SDSSp J132629.82-003831.5 [de],65.0,51.0,0.97
99,129,,,,,SDSSp J134646.45-003150.4 [de],48.0,44.0,0.94
100,130,,,,,2MASS J13595510-4034582,51.0,63.0,1.0
101,131,,,,,ULAS J141623.94+134836.3,29.7,32.0,0.96
102,132,,,,,SDSS J141659.78+500626.4 [de],149.0,59.0,0.99
103,133,,,,,DENIS-P J142527.97-365023.4 [de],38.0,21.0,1.32
104,134,,,,,LHS 2924,38.5,76.0,1.06
105,135,,,,,2MASS J14392837+1929150,47.0,72.0,1.03
106,136,,,,,LSPM J1440+1339,72.0,92.0,1.19
107,137,,,,,2MASS J14482563+1031590 [de],47.0,59.0,0.99
108,138,,,,,CFBDSIR 1458+10A,104.0,11.1,1.5
109,139,,,,,CFBDSIR 1458+10B,104.0,9.0,1.3
110,140,,,,,TVLM 513-46546,35.1,75.0,1.05
111,141,,,,,2MASS 1503+2525,20.7,44.0,0.94
112,142,,,,,CFBDS J150411+102717,71.0,44.0,0.94
113,143,,,,,2MASSW J1506544+132106 [de],46.0,69.0,1.02
114,144,,,,,2MASS 1507−1627,23.9,60.0,0.99
115,145,,,,,TVLM 868-110639,53.0,79.0,1.08
116,147,,,,,2MASSW J1515008+484742 [de],34.0,57.0,0.99
117,148,,,,,2MASSI J1526140+204341 [de],67.0,54.0,0.98
118,149,,,,,DENIS-P J153941.96-052042.4 [de],51.0,63.0,1.0
119,150,,,,,2MASS J15462718-3325111 [de],37.0,44.0,0.94
120,151,,,,,2MASSW J1552591+294849 [de],68.0,30.0,1.43
121,152,,,,,2MASSW J1555157-095605 [de],44.0,71.0,1.03
122,153,,,,,2MASS J16150413+1340079 [de],48.0,42.0,0.94
123,154,,,,,SDSSp J162414.37+002915.6 [de],36.0,43.0,0.94
124,155,,,,,2MASS J16262034+3925190 [de],110.0,71.0,1.03
125,156,,,,,2MASSW J1632291+190441 [de],50.0,49.0,0.97
126,157,,,,,WISEPA J164715.59+563208.2,28.0,41.0,0.94
127,158,,,,,LSPM J1658+7027 [de],60.0,73.0,1.04
128,159,,,,,2MASSI J1726000+153819,114.0,24.0,1.4
129,161,,,,,SDSSp J175032.96+175903.9,90.0,47.0,0.97
130,162,,,,,2MASS J18283572-4849046,39.0,45.0,0.95
131,163,,,,,LSR J1835+3259,18.5,77.0,1.07
132,164,,,,,2MASSW J1841086+311727,138.0,67.0,1.01
133,165,,,,,2MASS J18432213+4040209,46.0,96.0,1.22
134,166,,,,,2MASS J20004841-7523070,105.0,25.0,1.88
135,167,,,,,SDSS J204749.61-071818.3,65.0,46.0,0.96
136,168,,,,,2MASSI J2057540-025230,47.0,70.0,1.02
137,170,,,,,2MASSI J2104149-103736,62.0,69.0,1.02
138,171,,,,,PSO J318.5−22,80.0,6.5,1.53
139,172,,,,,HB 2124-4228,113.0,94.0,1.21
140,173,,,,,2MASS J21392676+0220226,32.1,46.0,0.96
141,174,,,,,2MASS J21481628+4003593,26.3,55.0,0.99
142,176,,,,,2MASSW J2206450-421721,93.0,22.0,1.33
143,177,,,,,2MASSW J2208136+292121,154.0,27.0,1.41
144,178,,,,,2MASSW J2224438-015852,38.0,61.0,0.99
145,179,,,,,2MASS J22282889-4310262,35.0,42.0,0.94
146,180,,,,,2MASS J22373255+3922398,64.0,73.0,1.04
147,181,,,,,2MASSW J2244316+204343,56.0,12.0,1.29
148,182,,,,,2MASS J23224684-3133231,56.0,24.0,1.39
149,183,,,,,2MASS J23225299-6151275,148.0,17.0,1.59
150,184,,,,,2MASS J23515044-2537367,67.0,88.0,1.16
151,185,,,,,2MASSI J2356547-155310,74.0,80.0,1.09
152,223,,,,,WISE 0410+1502,20.0,6.0,1.17
153,227,,,,,WISE 0458+6434A,35.9,15.0,4.2
154,228,,,,,WISE 0458+6434B,35.9,10.0,3.8
155,282,,,,,WISE 1405+5534,25.3,30.0,0.86
156,350,,,,,SDSS J000013.54+255418.6 [de],46.1,48.0,0.99
157,351,,,,,2MASS J00040288-6410358,192.0,19.0,1.63
158,353,,,,,2MASS J00242463-0158201,37.7,79.0,1.09
159,355,,,,,2MASS J00274197+0503417,236.0,31.0,1.44
160,357,,,,,2MASSW J0030300-145033,87.2,54.0,0.98
161,358,,,,,2MASS J00332386-1521309 [de],131.0,29.0,1.43
162,359,,,,,2MASS J00345157+0523050,31.0,42.0,0.94
163,360,,,,,2MASS 0036+1821,28.6,42.0,0.94
164,361,,,,,2MASSW J0045214+163445,57.0,23.0,1.62
165,362,,,,,WISEP J004701.06+680352.1 [fr],40.0,12.0,1.3
166,363,,,,,2MASS J00501994-3322402 [de],34.0,40.0,0.94
167,365,,,,,2MASS J00584253-0651239 [de],96.0,29.0,1.43
168,367,,,,,2MASSI J0103320+193536,70.0,52.0,0.98
169,368,,,,,SDSSp J010752.33+004156.1 [de],51.0,52.0,0.98
170,369,,,,,2MASSI J0117474-340325 [de],163.0,20.0,1.62
171,370,,,,,2MASS J01415823-4633574 [de],130.0,20.0,1.61
172,371,,,,,SDSS J015141.69+124429.6,70.0,47.0,0.97
173,375,,,,,SDSS J020742.48+000056.2 [de],111.0,47.0,0.97
174,376,,,,,2MASS J02103857-3015313,101.0,15.0,1.53
175,377,,,,,2MASS J02340093-6442068,155.0,20.0,1.62
176,378,,,,,2MASS J02411151-0326587 [de],152.0,27.0,1.41
177,379,,,,,2MASS J02431371−2453298,35.0,33.0,0.99
178,380,,,,,LP 771-21,53.0,78.0,1.08
179,382,,,,,2MASS J02535980+3206373,184.0,65.0,1.9
180,383,,,,,WISE J0254+0223,24.0,65.0,1.9
181,384,,,,,DEN 0255-4700,16.2,80.0,0.97
182,385,,,,,2MASS J03185403-3421292 [de],45.0,49.0,0.97
183,386,,,,,2MASS J03205965+1854233,47.0,88.0,1.15
184,387,,,,,2MASS J03231002-4631237,192.0,23.0,1.66
185,388,,,,,SDSS J032553.17+042540.1,59.0,45.0,0.95
186,389,,,,,2MASS J03264225-2102057 [de],80.0,18.0,1.3
187,390,,,,,2MASS J03284265+2302051 [de],98.0,54.0,0.98
188,391,,,,,2MASS J03341218-4953322,27.0,73.0,1.04
189,392,,,,,LP 944-20,20.9,73.0,1.43
190,393,,,,,2MASP J0345432+254023,88.0,74.0,1.05
191,394,,,,,Teide 1,380.0,55.0,3.78
192,395,,,,,2MASS J03510004-0052452,48.0,102.0,1.27
193,396,,,,,2MASS J03552337+1133437,29.8,20.0,1.32
194,398,,,,,2MASS J04151954−0935066,18.6,30.0,0.95
195,400,,,,,2MASS J04285096-2253227 [de],85.0,80.0,1.09
196,401,,,,,2MASS J04351612-1606574,34.0,100.0,1.26
197,402,,,,,2MASS J04362788-4114465,142.0,39.0,1.97
198,403,,,,,2MASS J04390101-2353083 [de],29.5,48.0,0.97
199,405,,,,,2MASS J04433764+0002040,82.0,22.0,1.78
200,406,,,,,2MASS J04455387-3048204 [de],42.0,64.0,1.0
201,407,,,,,2MASS J04510093-3402150 [de],69.0,72.0,1.04
202,408,,,,,2MASS J05002100+0330501 [de],44.0,64.0,1.0
203,409,,,,,2MASS J05012406-0010452 [de],64.0,21.0,1.38
204,410,,,,,2MASS J05160945-0445499 [de],73.0,47.0,0.97
205,411,,,,,2MASS J0523−1403,40.0,68.0,1.01
206,413,,,,,SDSS J053951.99-005902.0,41.62,61.0,1.01
207,415,,,,,LSR 0602+3910 [de],34.6,28.0,1.41
208,416,,,,,2MASS J06085283-2753583,102.0,38.0,1.51
209,419,,,,,2MASS J06244595-4521548 [de],39.0,56.0,0.99
210,420,,,,,2MASS J06411840-4322329 [de],65.0,67.0,1.01
211,421,,,,,DENIS-P J0652197-253450 [de],51.0,75.0,1.05
212,423,,,,,2MASS J07075327-4900503,60.0,72.0,1.03
213,424,,,,,UGPS J072227.51-054031.2,13.4,26.0,0.98
214,425,,,,,2MASSI J0727182+171001 [de],29.6,41.0,0.94
215,426,,,,,2MASS J07290002-3954043 [de],25.8,37.0,0.94
216,427,,,,,SDSS J074201.41+205520.5 [de],49.0,43.0,0.94
217,429,,,,,DENIS-P J0751164-253043 [de],55.0,71.0,1.03
218,430,,,,,2MASS J07522390+1612157,60.0,68.0,2.01
219,431,,,,,DENIS J081730.0-615520,16.1,44.0,0.94
220,434,,,,,2MASS J08251968+2115521 [de],35.0,52.0,0.98
221,435,,,,,SDSSp J083008.12+482847.4 [de],43.0,48.0,0.99
222,436,,,,,LHS 2021,55.0,88.0,1.15
223,437,,,,,SDSS J083048.80+012831.1 [de],77.0,46.0,0.96
224,438,,,,,2MASSI J0835425-081923 [de],23.53,62.0,1.0
225,439,,,,,2MASSI J0847287-153237 [de],43.0,64.0,1.0
226,440,,,,,2MASS J08533619-0329321,27.6,77.0,1.07
227,441,,,,,2MASSI J0859254-194926 [de],50.0,50.0,0.98
228,443,,,,,2MASSI J0937347+293142,20.0,42.0,0.94
229,444,,,,,2MASS 0939−2448,17.4,32.0,0.95
230,445,,,,,2MASS J09490860-1545485 [de],59.0,49.0,0.96
231,446,,,,,2MASS J10073369-4555147,46.0,44.0,0.94
232,447,,,,,2MASSI J1010148-040649 [de],55.0,51.0,0.98
233,450,,,,,2MASS J10224821+5825453 [de],60.0,27.0,1.41
234,451,,,,,2MASSW J1036530-344138 [de],53.0,49.0,0.97
235,452,,,,,2MASS J1047538+212423 [de],34.4,42.0,0.94
236,453,,,,,Luhman 16B,6.516,43.0,1.02
237,454,,,,,Luhman 16A,6.516,40.0,1.01
238,455,,,,,DENIS-P J1058.7−1548,49.0,64.0,1.0
239,456,,,,,TWA 28,180.0,36.0,2.39
240,457,,,,,Cha 110913-773444,163.0,8.0,1.8
241,459,,,,,SDSS J111010.01+011613.1,63.0,9.0,1.24
242,460,,,,,2MASS J11145133−2618235,18.2,33.0,0.96
243,461,,,,,TWA 26,137.0,30.0,2.2
244,463,,,,,2MASS J11544223-3400390 [de],129.0,37.0,1.5
245,464,,,,,2MASSW J1155395-372735 [de],31.0,64.0,1.0
246,467,,,,,2MASS J12074836-3900043,217.0,17.0,1.71
247,468,,,,,2MASSI J1217110-031113 [de],36.0,42.0,0.94
248,471,,,,,2M 1237+6526,45.6,41.0,0.94
249,473,,,,,TWA 29,262.0,25.0,2.0
250,474,,,,,SDSSp J125453.90-012247.4 [de],38.0,47.0,0.98
251,475,,,,,Kelu-1A,61.0,63.0,0.98
252,476,,,,,Kelu-1B,61.0,58.0,0.98
253,477,,,,,2MASS J13204427+0409045,101.0,67.0,1.01
254,478,,,,,SDSSp J132629.82-003831.5 [de],65.0,51.0,0.97
255,479,,,,,SDSSp J134646.45-003150.4 [de],48.0,44.0,0.94
256,480,,,,,2MASS J13595510-4034582,51.0,63.0,1.0
257,481,,,,,ULAS J141623.94+134836.3,29.7,32.0,0.96
258,482,,,,,SDSS J141659.78+500626.4 [de],149.0,59.0,0.99
259,483,,,,,DENIS-P J142527.97-365023.4 [de],38.0,21.0,1.32
260,484,,,,,LHS 2924,38.5,76.0,1.06
261,485,,,,,2MASS J14392837+1929150,47.0,72.0,1.03
262,486,,,,,LSPM J1440+1339,72.0,92.0,1.19
263,487,,,,,2MASS J14482563+1031590 [de],47.0,59.0,0.99
264,488,,,,,CFBDSIR 1458+10A,104.0,11.1,1.5
265,489,,,,,CFBDSIR 1458+10B,104.0,9.0,1.3
266,490,,,,,TVLM 513-46546,35.1,75.0,1.05
267,491,,,,,2MASS 1503+2525,20.7,44.0,0.94
268,492,,,,,CFBDS J150411+102717,71.0,44.0,0.94
269,493,,,,,2MASSW J1506544+132106 [de],46.0,69.0,1.02
270,494,,,,,2MASS 1507−1627,23.9,60.0,0.99
271,495,,,,,TVLM 868-110639,53.0,79.0,1.08
272,497,,,,,2MASSW J1515008+484742 [de],34.0,57.0,0.99
273,498,,,,,2MASSI J1526140+204341 [de],67.0,54.0,0.98
274,499,,,,,DENIS-P J153941.96-052042.4 [de],51.0,63.0,1.0
275,500,,,,,2MASS J15462718-3325111 [de],37.0,44.0,0.94
276,501,,,,,2MASSW J1552591+294849 [de],68.0,30.0,1.43
277,502,,,,,2MASSW J1555157-095605 [de],44.0,71.0,1.03
278,503,,,,,2MASS J16150413+1340079 [de],48.0,42.0,0.94
279,504,,,,,SDSSp J162414.37+002915.6 [de],36.0,43.0,0.94
280,505,,,,,2MASS J16262034+3925190 [de],110.0,71.0,1.03
281,506,,,,,2MASSW J1632291+190441 [de],50.0,49.0,0.97
282,507,,,,,WISEPA J164715.59+563208.2,28.0,41.0,0.94
283,508,,,,,LSPM J1658+7027 [de],60.0,73.0,1.04
284,509,,,,,2MASSI J1726000+153819,114.0,24.0,1.4
285,511,,,,,SDSSp J175032.96+175903.9,90.0,47.0,0.97
286,512,,,,,2MASS J18283572-4849046,39.0,45.0,0.95
287,513,,,,,LSR J1835+3259,18.5,77.0,1.07
288,514,,,,,2MASSW J1841086+311727,138.0,67.0,1.01
289,515,,,,,2MASS J18432213+4040209,46.0,96.0,1.22
290,516,,,,,2MASS J20004841-7523070,105.0,25.0,1.88
291,517,,,,,SDSS J204749.61-071818.3,65.0,46.0,0.96
292,518,,,,,2MASSI J2057540-025230,47.0,70.0,1.02
293,520,,,,,2MASSI J2104149-103736,62.0,69.0,1.02
294,521,,,,,PSO J318.5−22,80.0,6.5,1.53
295,522,,,,,HB 2124-4228,113.0,94.0,1.21
296,523,,,,,2MASS J21392676+0220226,32.1,46.0,0.96
297,524,,,,,2MASS J21481628+4003593,26.3,55.0,0.99
298,526,,,,,2MASSW J2206450-421721,93.0,22.0,1.33
299,527,,,,,2MASSW J2208136+292121,154.0,27.0,1.41
300,528,,,,,2MASSW J2224438-015852,38.0,61.0,0.99
301,529,,,,,2MASS J22282889-4310262,35.0,42.0,0.94
302,530,,,,,2MASS J22373255+3922398,64.0,73.0,1.04
303,531,,,,,2MASSW J2244316+204343,56.0,12.0,1.29
304,532,,,,,2MASS J23224684-3133231,56.0,24.0,1.39
305,533,,,,,2MASS J23225299-6151275,148.0,17.0,1.59
306,534,,,,,2MASS J23515044-2537367,67.0,88.0,1.16
307,535,,,,,2MASSI J2356547-155310,74.0,80.0,1.09
308,573,,,,,WISE 0410+1502,20.0,6.0,1.17
309,577,,,,,WISE 0458+6434A,35.9,15.0,4.2
310,578,,,,,WISE 0458+6434B,35.9,10.0,3.8
311,632,,,,,WISE 1405+5534,25.3,30.0,0.86
312,700,,,,,SDSS J000013.54+255418.6 [de],46.1,48.0,0.99
313,701,,,,,2MASS J00040288-6410358,192.0,19.0,1.63
314,703,,,,,2MASS J00242463-0158201,37.7,79.0,1.09
315,705,,,,,2MASS J00274197+0503417,236.0,31.0,1.44
316,707,,,,,2MASSW J0030300-145033,87.2,54.0,0.98
317,708,,,,,2MASS J00332386-1521309 [de],131.0,29.0,1.43
318,709,,,,,2MASS J00345157+0523050,31.0,42.0,0.94
319,710,,,,,2MASS 0036+1821,28.6,42.0,0.94
320,711,,,,,2MASSW J0045214+163445,57.0,23.0,1.62
321,712,,,,,WISEP J004701.06+680352.1 [fr],40.0,12.0,1.3
322,713,,,,,2MASS J00501994-3322402 [de],34.0,40.0,0.94
323,715,,,,,2MASS J00584253-0651239 [de],96.0,29.0,1.43
324,717,,,,,2MASSI J0103320+193536,70.0,52.0,0.98
325,718,,,,,SDSSp J010752.33+004156.1 [de],51.0,52.0,0.98
326,719,,,,,2MASSI J0117474-340325 [de],163.0,20.0,1.62
327,720,,,,,2MASS J01415823-4633574 [de],130.0,20.0,1.61
328,721,,,,,SDSS J015141.69+124429.6,70.0,47.0,0.97
329,725,,,,,SDSS J020742.48+000056.2 [de],111.0,47.0,0.97
330,726,,,,,2MASS J02103857-3015313,101.0,15.0,1.53
331,727,,,,,2MASS J02340093-6442068,155.0,20.0,1.62
332,728,,,,,2MASS J02411151-0326587 [de],152.0,27.0,1.41
333,729,,,,,2MASS J02431371−2453298,35.0,33.0,0.99
334,730,,,,,LP 771-21,53.0,78.0,1.08
335,732,,,,,2MASS J02535980+3206373,184.0,65.0,1.9
336,733,,,,,WISE J0254+0223,24.0,65.0,1.9
337,734,,,,,DEN 0255-4700,16.2,80.0,0.97
338,735,,,,,2MASS J03185403-3421292 [de],45.0,49.0,0.97
339,736,,,,,2MASS J03205965+1854233,47.0,88.0,1.15
340,737,,,,,2MASS J03231002-4631237,192.0,23.0,1.66
341,738,,,,,SDSS J032553.17+042540.1,59.0,45.0,0.95
342,739,,,,,2MASS J03264225-2102057 [de],80.0,18.0,1.3
343,740,,,,,2MASS J03284265+2302051 [de],98.0,54.0,0.98
344,741,,,,,2MASS J03341218-4953322,27.0,73.0,1.04
345,742,,,,,LP 944-20,20.9,73.0,1.43
346,743,,,,,2MASP J0345432+254023,88.0,74.0,1.05
347,744,,,,,Teide 1,380.0,55.0,3.78
348,745,,,,,2MASS J03510004-0052452,48.0,102.0,1.27
349,746,,,,,2MASS J03552337+1133437,29.8,20.0,1.32
350,748,,,,,2MASS J04151954−0935066,18.6,30.0,0.95
351,750,,,,,2MASS J04285096-2253227 [de],85.0,80.0,1.09
352,751,,,,,2MASS J04351612-1606574,34.0,100.0,1.26
353,752,,,,,2MASS J04362788-4114465,142.0,39.0,1.97
354,753,,,,,2MASS J04390101-2353083 [de],29.5,48.0,0.97
355,755,,,,,2MASS J04433764+0002040,82.0,22.0,1.78
356,756,,,,,2MASS J04455387-3048204 [de],42.0,64.0,1.0
357,757,,,,,2MASS J04510093-3402150 [de],69.0,72.0,1.04
358,758,,,,,2MASS J05002100+0330501 [de],44.0,64.0,1.0
359,759,,,,,2MASS J05012406-0010452 [de],64.0,21.0,1.38
360,760,,,,,2MASS J05160945-0445499 [de],73.0,47.0,0.97
361,761,,,,,2MASS J0523−1403,40.0,68.0,1.01
362,763,,,,,SDSS J053951.99-005902.0,41.62,61.0,1.01
363,765,,,,,LSR 0602+3910 [de],34.6,28.0,1.41
364,766,,,,,2MASS J06085283-2753583,102.0,38.0,1.51
365,769,,,,,2MASS J06244595-4521548 [de],39.0,56.0,0.99
366,770,,,,,2MASS J06411840-4322329 [de],65.0,67.0,1.01
367,771,,,,,DENIS-P J0652197-253450 [de],51.0,75.0,1.05
368,773,,,,,2MASS J07075327-4900503,60.0,72.0,1.03
369,774,,,,,UGPS J072227.51-054031.2,13.4,26.0,0.98
370,775,,,,,2MASSI J0727182+171001 [de],29.6,41.0,0.94
371,776,,,,,2MASS J07290002-3954043 [de],25.8,37.0,0.94
372,777,,,,,SDSS J074201.41+205520.5 [de],49.0,43.0,0.94
373,779,,,,,DENIS-P J0751164-253043 [de],55.0,71.0,1.03
374,780,,,,,2MASS J07522390+1612157,60.0,68.0,2.01
375,781,,,,,DENIS J081730.0-615520,16.1,44.0,0.94
376,784,,,,,2MASS J08251968+2115521 [de],35.0,52.0,0.98
377,785,,,,,SDSSp J083008.12+482847.4 [de],43.0,48.0,0.99
378,786,,,,,LHS 2021,55.0,88.0,1.15
379,787,,,,,SDSS J083048.80+012831.1 [de],77.0,46.0,0.96
380,788,,,,,2MASSI J0835425-081923 [de],23.53,62.0,1.0
381,789,,,,,2MASSI J0847287-153237 [de],43.0,64.0,1.0
382,790,,,,,2MASS J08533619-0329321,27.6,77.0,1.07
383,791,,,,,2MASSI J0859254-194926 [de],50.0,50.0,0.98
384,793,,,,,2MASSI J0937347+293142,20.0,42.0,0.94
385,794,,,,,2MASS 0939−2448,17.4,32.0,0.95
386,795,,,,,2MASS J09490860-1545485 [de],59.0,49.0,0.96
387,796,,,,,2MASS J10073369-4555147,46.0,44.0,0.94
388,797,,,,,2MASSI J1010148-040649 [de],55.0,51.0,0.98
389,800,,,,,2MASS J10224821+5825453 [de],60.0,27.0,1.41
390,801,,,,,2MASSW J1036530-344138 [de],53.0,49.0,0.97
391,802,,,,,2MASS J1047538+212423 [de],34.4,42.0,0.94
392,803,,,,,Luhman 16B,6.516,43.0,1.02
393,804,,,,,Luhman 16A,6.516,40.0,1.01
394,805,,,,,DENIS-P J1058.7−1548,49.0,64.0,1.0
395,806,,,,,TWA 28,180.0,36.0,2.39
396,807,,,,,Cha 110913-773444,163.0,8.0,1.8
397,809,,,,,SDSS J111010.01+011613.1,63.0,9.0,1.24
398,810,,,,,2MASS J11145133−2618235,18.2,33.0,0.96
399,811,,,,,TWA 26,137.0,30.0,2.2
400,813,,,,,2MASS J11544223-3400390 [de],129.0,37.0,1.5
401,814,,,,,2MASSW J1155395-372735 [de],31.0,64.0,1.0
402,817,,,,,2MASS J12074836-3900043,217.0,17.0,1.71
403,818,,,,,2MASSI J1217110-031113 [de],36.0,42.0,0.94
404,821,,,,,2M 1237+6526,45.6,41.0,0.94
405,823,,,,,TWA 29,262.0,25.0,2.0
406,824,,,,,SDSSp J125453.90-012247.4 [de],38.0,47.0,0.98
407,825,,,,,Kelu-1A,61.0,63.0,0.98
408,826,,,,,Kelu-1B,61.0,58.0,0.98
409,827,,,,,2MASS J13204427+0409045,101.0,67.0,1.01
410,828,,,,,SDSSp J132629.82-003831.5 [de],65.0,51.0,0.97
411,829,,,,,SDSSp J134646.45-003150.4 [de],48.0,44.0,0.94
412,830,,,,,2MASS J13595510-4034582,51.0,63.0,1.0
413,831,,,,,ULAS J141623.94+134836.3,29.7,32.0,0.96
414,832,,,,,SDSS J141659.78+500626.4 [de],149.0,59.0,0.99
415,833,,,,,DENIS-P J142527.97-365023.4 [de],38.0,21.0,1.32
416,834,,,,,LHS 2924,38.5,76.0,1.06
417,835,,,,,2MASS J14392837+1929150,47.0,72.0,1.03
418,836,,,,,LSPM J1440+1339,72.0,92.0,1.19
419,837,,,,,2MASS J14482563+1031590 [de],47.0,59.0,0.99
420,838,,,,,CFBDSIR 1458+10A,104.0,11.1,1.5
421,839,,,,,CFBDSIR 1458+10B,104.0,9.0,1.3
422,840,,,,,TVLM 513-46546,35.1,75.0,1.05
423,841,,,,,2MASS 1503+2525,20.7,44.0,0.94
424,842,,,,,CFBDS J150411+102717,71.0,44.0,0.94
425,843,,,,,2MASSW J1506544+132106 [de],46.0,69.0,1.02
426,844,,,,,2MASS 1507−1627,23.9,60.0,0.99
427,845,,,,,TVLM 868-110639,53.0,79.0,1.08
428,847,,,,,2MASSW J1515008+484742 [de],34.0,57.0,0.99
429,848,,,,,2MASSI J1526140+204341 [de],67.0,54.0,0.98
430,849,,,,,DENIS-P J153941.96-052042.4 [de],51.0,63.0,1.0
431,850,,,,,2MASS J15462718-3325111 [de],37.0,44.0,0.94
432,851,,,,,2MASSW J1552591+294849 [de],68.0,30.0,1.43
433,852,,,,,2MASSW J1555157-095605 [de],44.0,71.0,1.03
434,853,,,,,2MASS J16150413+1340079 [de],48.0,42.0,0.94
435,854,,,,,SDSSp J162414.37+002915.6 [de],36.0,43.0,0.94
436,855,,,,,2MASS J16262034+3925190 [de],110.0,71.0,1.03
437,856,,,,,2MASSW J1632291+190441 [de],50.0,49.0,0.97
438,857,,,,,WISEPA J164715.59+563208.2,28.0,41.0,0.94
439,858,,,,,LSPM J1658+7027 [de],60.0,73.0,1.04
440,859,,,,,2MASSI J1726000+153819,114.0,24.0,1.4
441,861,,,,,SDSSp J175032.96+175903.9,90.0,47.0,0.97
442,862,,,,,2MASS J18283572-4849046,39.0,45.0,0.95
443,863,,,,,LSR J1835+3259,18.5,77.0,1.07
444,864,,,,,2MASSW J1841086+311727,138.0,67.0,1.01
445,865,,,,,2MASS J18432213+4040209,46.0,96.0,1.22
446,866,,,,,2MASS J20004841-7523070,105.0,25.0,1.88
447,867,,,,,SDSS J204749.61-071818.3,65.0,46.0,0.96
448,868,,,,,2MASSI J2057540-025230,47.0,70.0,1.02
449,870,,,,,2MASSI J2104149-103736,62.0,69.0,1.02
450,871,,,,,PSO J318.5−22,80.0,6.5,1.53
451,872,,,,,HB 2124-4228,113.0,94.0,1.21
452,873,,,,,2MASS J21392676+0220226,32.1,46.0,0.96
453,874,,,,,2MASS J21481628+4003593,26.3,55.0,0.99
454,876,,,,,2MASSW J2206450-421721,93.0,22.0,1.33
455,877,,,,,2MASSW J2208136+292121,154.0,27.0,1.41
456,878,,,,,2MASSW J2224438-015852,38.0,61.0,0.99
457,879,,,,,2MASS J22282889-4310262,35.0,42.0,0.94
458,880,,,,,2MASS J22373255+3922398,64.0,73.0,1.04
459,881,,,,,2MASSW J2244316+204343,56.0,12.0,1.29
460,882,,,,,2MASS J23224684-3133231,56.0,24.0,1.39
461,883,,,,,2MASS J23225299-6151275,148.0,17.0,1.59
462,884,,,,,2MASS J23515044-2537367,67.0,88.0,1.16
463,885,,,,,2MASSI J2356547-155310,74.0,80.0,1.09
464,923,,,,,WISE 0410+1502,20.0,6.0,1.17
465,927,,,,,WISE 0458+6434A,35.9,15.0,4.2
466,928,,,,,WISE 0458+6434B,35.9,10.0,3.8
467,982,,,,,WISE 1405+5534,25.3,30.0,0.86
468,1050,,,,,SDSS J000013.54+255418.6 [de],46.1,48.0,0.99
469,1051,,,,,2MASS J00040288-6410358,192.0,19.0,1.63
470,1053,,,,,2MASS J00242463-0158201,37.7,79.0,1.09
471,1055,,,,,2MASS J00274197+0503417,236.0,31.0,1.44
472,1057,,,,,2MASSW J0030300-145033,87.2,54.0,0.98
473,1058,,,,,2MASS J00332386-1521309 [de],131.0,29.0,1.43
474,1059,,,,,2MASS J00345157+0523050,31.0,42.0,0.94
475,1060,,,,,2MASS 0036+1821,28.6,42.0,0.94
476,1061,,,,,2MASSW J0045214+163445,57.0,23.0,1.62
477,1062,,,,,WISEP J004701.06+680352.1 [fr],40.0,12.0,1.3
478,1063,,,,,2MASS J00501994-3322402 [de],34.0,40.0,0.94
479,1065,,,,,2MASS J00584253-0651239 [de],96.0,29.0,1.43
480,1067,,,,,2MASSI J0103320+193536,70.0,52.0,0.98
481,1068,,,,,SDSSp J010752.33+004156.1 [de],51.0,52.0,0.98
482,1069,,,,,2MASSI J0117474-340325 [de],163.0,20.0,1.62
483,1070,,,,,2MASS J01415823-4633574 [de],130.0,20.0,1.61
484,1071,,,,,SDSS J015141.69+124429.6,70.0,47.0,0.97
485,1075,,,,,SDSS J020742.48+000056.2 [de],111.0,47.0,0.97
486,1076,,,,,2MASS J02103857-3015313,101.0,15.0,1.53
487,1077,,,,,2MASS J02340093-6442068,155.0,20.0,1.62
488,1078,,,,,2MASS J02411151-0326587 [de],152.0,27.0,1.41
489,1079,,,,,2MASS J02431371−2453298,35.0,33.0,0.99
490,1080,,,,,LP 771-21,53.0,78.0,1.08
491,1082,,,,,2MASS J02535980+3206373,184.0,65.0,1.9
492,1083,,,,,WISE J0254+0223,24.0,65.0,1.9
493,1084,,,,,DEN 0255-4700,16.2,80.0,0.97
494,1085,,,,,2MASS J03185403-3421292 [de],45.0,49.0,0.97
495,1086,,,,,2MASS J03205965+1854233,47.0,88.0,1.15
496,1087,,,,,2MASS J03231002-4631237,192.0,23.0,1.66
497,1088,,,,,SDSS J032553.17+042540.1,59.0,45.0,0.95
498,1089,,,,,2MASS J03264225-2102057 [de],80.0,18.0,1.3
499,1090,,,,,2MASS J03284265+2302051 [de],98.0,54.0,0.98
500,1091,,,,,2MASS J03341218-4953322,27.0,73.0,1.04
501,1092,,,,,LP 944-20,20.9,73.0,1.43
502,1093,,,,,2MASP J0345432+254023,88.0,74.0,1.05
503,1094,,,,,Teide 1,380.0,55.0,3.78
504,1095,,,,,2MASS J03510004-0052452,48.0,102.0,1.27
505,1096,,,,,2MASS J03552337+1133437,29.8,20.0,1.32
506,1098,,,,,2MASS J04151954−0935066,18.6,30.0,0.95
507,1100,,,,,2MASS J04285096-2253227 [de],85.0,80.0,1.09
508,1101,,,,,2MASS J04351612-1606574,34.0,100.0,1.26
509,1102,,,,,2MASS J04362788-4114465,142.0,39.0,1.97
510,1103,,,,,2MASS J04390101-2353083 [de],29.5,48.0,0.97
511,1105,,,,,2MASS J04433764+0002040,82.0,22.0,1.78
512,1106,,,,,2MASS J04455387-3048204 [de],42.0,64.0,1.0
513,1107,,,,,2MASS J04510093-3402150 [de],69.0,72.0,1.04
514,1108,,,,,2MASS J05002100+0330501 [de],44.0,64.0,1.0
515,1109,,,,,2MASS J05012406-0010452 [de],64.0,21.0,1.38
516,1110,,,,,2MASS J05160945-0445499 [de],73.0,47.0,0.97
517,1111,,,,,2MASS J0523−1403,40.0,68.0,1.01
518,1113,,,,,SDSS J053951.99-005902.0,41.62,61.0,1.01
519,1115,,,,,LSR 0602+3910 [de],34.6,28.0,1.41
520,1116,,,,,2MASS J06085283-2753583,102.0,38.0,1.51
521,1119,,,,,2MASS J06244595-4521548 [de],39.0,56.0,0.99
522,1120,,,,,2MASS J06411840-4322329 [de],65.0,67.0,1.01
523,1121,,,,,DENIS-P J0652197-253450 [de],51.0,75.0,1.05
524,1123,,,,,2MASS J07075327-4900503,60.0,72.0,1.03
525,1124,,,,,UGPS J072227.51-054031.2,13.4,26.0,0.98
526,1125,,,,,2MASSI J0727182+171001 [de],29.6,41.0,0.94
527,1126,,,,,2MASS J07290002-3954043 [de],25.8,37.0,0.94
528,1127,,,,,SDSS J074201.41+205520.5 [de],49.0,43.0,0.94
529,1129,,,,,DENIS-P J0751164-253043 [de],55.0,71.0,1.03
530,1130,,,,,2MASS J07522390+1612157,60.0,68.0,2.01
531,1131,,,,,DENIS J081730.0-615520,16.1,44.0,0.94
532,1134,,,,,2MASS J08251968+2115521 [de],35.0,52.0,0.98
533,1135,,,,,SDSSp J083008.12+482847.4 [de],43.0,48.0,0.99
534,1136,,,,,LHS 2021,55.0,88.0,1.15
535,1137,,,,,SDSS J083048.80+012831.1 [de],77.0,46.0,0.96
536,1138,,,,,2MASSI J0835425-081923 [de],23.53,62.0,1.0
537,1139,,,,,2MASSI J0847287-153237 [de],43.0,64.0,1.0
538,1140,,,,,2MASS J08533619-0329321,27.6,77.0,1.07
539,1141,,,,,2MASSI J0859254-194926 [de],50.0,50.0,0.98
540,1143,,,,,2MASSI J0937347+293142,20.0,42.0,0.94
541,1144,,,,,2MASS 0939−2448,17.4,32.0,0.95
542,1145,,,,,2MASS J09490860-1545485 [de],59.0,49.0,0.96
543,1146,,,,,2MASS J10073369-4555147,46.0,44.0,0.94
544,1147,,,,,2MASSI J1010148-040649 [de],55.0,51.0,0.98
545,1150,,,,,2MASS J10224821+5825453 [de],60.0,27.0,1.41
546,1151,,,,,2MASSW J1036530-344138 [de],53.0,49.0,0.97
547,1152,,,,,2MASS J1047538+212423 [de],34.4,42.0,0.94
548,1153,,,,,Luhman 16B,6.516,43.0,1.02
549,1154,,,,,Luhman 16A,6.516,40.0,1.01
550,1155,,,,,DENIS-P J1058.7−1548,49.0,64.0,1.0
551,1156,,,,,TWA 28,180.0,36.0,2.39
552,1157,,,,,Cha 110913-773444,163.0,8.0,1.8
553,1159,,,,,SDSS J111010.01+011613.1,63.0,9.0,1.24
554,1160,,,,,2MASS J11145133−2618235,18.2,33.0,0.96
555,1161,,,,,TWA 26,137.0,30.0,2.2
556,1163,,,,,2MASS J11544223-3400390 [de],129.0,37.0,1.5
557,1164,,,,,2MASSW J1155395-372735 [de],31.0,64.0,1.0
558,1167,,,,,2MASS J12074836-3900043,217.0,17.0,1.71
559,1168,,,,,2MASSI J1217110-031113 [de],36.0,42.0,0.94
560,1171,,,,,2M 1237+6526,45.6,41.0,0.94
561,1173,,,,,TWA 29,262.0,25.0,2.0
562,1174,,,,,SDSSp J125453.90-012247.4 [de],38.0,47.0,0.98
563,1175,,,,,Kelu-1A,61.0,63.0,0.98
564,1176,,,,,Kelu-1B,61.0,58.0,0.98
565,1177,,,,,2MASS J13204427+0409045,101.0,67.0,1.01
566,1178,,,,,SDSSp J132629.82-003831.5 [de],65.0,51.0,0.97
567,1179,,,,,SDSSp J134646.45-003150.4 [de],48.0,44.0,0.94
568,1180,,,,,2MASS J13595510-4034582,51.0,63.0,1.0
569,1181,,,,,ULAS J141623.94+134836.3,29.7,32.0,0.96
570,1182,,,,,SDSS J141659.78+500626.4 [de],149.0,59.0,0.99
571,1183,,,,,DENIS-P J142527.97-365023.4 [de],38.0,21.0,1.32
572,1184,,,,,LHS 2924,38.5,76.0,1.06
573,1185,,,,,2MASS J14392837+1929150,47.0,72.0,1.03
574,1186,,,,,LSPM J1440+1339,72.0,92.0,1.19
575,1187,,,,,2MASS J14482563+1031590 [de],47.0,59.0,0.99
576,1188,,,,,CFBDSIR 1458+10A,104.0,11.1,1.5
577,1189,,,,,CFBDSIR 1458+10B,104.0,9.0,1.3
578,1190,,,,,TVLM 513-46546,35.1,75.0,1.05
579,1191,,,,,2MASS 1503+2525,20.7,44.0,0.94
580,1192,,,,,CFBDS J150411+102717,71.0,44.0,0.94
581,1193,,,,,2MASSW J1506544+132106 [de],46.0,69.0,1.02
582,1194,,,,,2MASS 1507−1627,23.9,60.0,0.99
583,1195,,,,,TVLM 868-110639,53.0,79.0,1.08
584,1197,,,,,2MASSW J1515008+484742 [de],34.0,57.0,0.99
585,1198,,,,,2MASSI J1526140+204341 [de],67.0,54.0,0.98
586,1199,,,,,DENIS-P J153941.96-052042.4 [de],51.0,63.0,1.0
587,1200,,,,,2MASS J15462718-3325111 [de],37.0,44.0,0.94
588,1201,,,,,2MASSW J1552591+294849 [de],68.0,30.0,1.43
589,1202,,,,,2MASSW J1555157-095605 [de],44.0,71.0,1.03
590,1203,,,,,2MASS J16150413+1340079 [de],48.0,42.0,0.94
591,1204,,,,,SDSSp J162414.37+002915.6 [de],36.0,43.0,0.94
592,1205,,,,,2MASS J16262034+3925190 [de],110.0,71.0,1.03
593,1206,,,,,2MASSW J1632291+190441 [de],50.0,49.0,0.97
594,1207,,,,,WISEPA J164715.59+563208.2,28.0,41.0,0.94
595,1208,,,,,LSPM J1658+7027 [de],60.0,73.0,1.04
596,1209,,,,,2MASSI J1726000+153819,114.0,24.0,1.4
597,1211,,,,,SDSSp J175032.96+175903.9,90.0,47.0,0.97
598,1212,,,,,2MASS J18283572-4849046,39.0,45.0,0.95
599,1213,,,,,LSR J1835+3259,18.5,77.0,1.07
600,1214,,,,,2MASSW J1841086+311727,138.0,67.0,1.01
601,1215,,,,,2MASS J18432213+4040209,46.0,96.0,1.22
602,1216,,,,,2MASS J20004841-7523070,105.0,25.0,1.88
603,1217,,,,,SDSS J204749.61-071818.3,65.0,46.0,0.96
604,1218,,,,,2MASSI J2057540-025230,47.0,70.0,1.02
605,1220,,,,,2MASSI J2104149-103736,62.0,69.0,1.02
606,1221,,,,,PSO J318.5−22,80.0,6.5,1.53
607,1222,,,,,HB 2124-4228,113.0,94.0,1.21
608,1223,,,,,2MASS J21392676+0220226,32.1,46.0,0.96
609,1224,,,,,2MASS J21481628+4003593,26.3,55.0,0.99
610,1226,,,,,2MASSW J2206450-421721,93.0,22.0,1.33
611,1227,,,,,2MASSW J2208136+292121,154.0,27.0,1.41
612,1228,,,,,2MASSW J2224438-015852,38.0,61.0,0.99
613,1229,,,,,2MASS J22282889-4310262,35.0,42.0,0.94
614,1230,,,,,2MASS J22373255+3922398,64.0,73.0,1.04
615,1231,,,,,2MASSW J2244316+204343,56.0,12.0,1.29
616,1232,,,,,2MASS J23224684-3133231,56.0,24.0,1.39
617,1233,,,,,2MASS J23225299-6151275,148.0,17.0,1.59
618,1234,,,,,2MASS J23515044-2537367,67.0,88.0,1.16
619,1235,,,,,2MASSI J2356547-155310,74.0,80.0,1.09
620,1273,,,,,WISE 0410+1502,20.0,6.0,1.17
621,1277,,,,,WISE 0458+6434A,35.9,15.0,4.2
622,1278,,,,,WISE 0458+6434B,35.9,10.0,3.8
623,1332,,,,,WISE 1405+5534,25.3,30.0,0.86
624,1400,,,,,SDSS J000013.54+255418.6 [de],46.1,48.0,0.99
625,1401,,,,,2MASS J00040288-6410358,192.0,19.0,1.63
626,1403,,,,,2MASS J00242463-0158201,37.7,79.0,1.09
627,1405,,,,,2MASS J00274197+0503417,236.0,31.0,1.44
628,1407,,,,,2MASSW J0030300-145033,87.2,54.0,0.98
629,1408,,,,,2MASS J00332386-1521309 [de],131.0,29.0,1.43
630,1409,,,,,2MASS J00345157+0523050,31.0,42.0,0.94
631,1410,,,,,2MASS 0036+1821,28.6,42.0,0.94
632,1411,,,,,2MASSW J0045214+163445,57.0,23.0,1.62
633,1412,,,,,WISEP J004701.06+680352.1 [fr],40.0,12.0,1.3
634,1413,,,,,2MASS J00501994-3322402 [de],34.0,40.0,0.94
635,1415,,,,,2MASS J00584253-0651239 [de],96.0,29.0,1.43
636,1417,,,,,2MASSI J0103320+193536,70.0,52.0,0.98
637,1418,,,,,SDSSp J010752.33+004156.1 [de],51.0,52.0,0.98
638,1419,,,,,2MASSI J0117474-340325 [de],163.0,20.0,1.62
639,1420,,,,,2MASS J01415823-4633574 [de],130.0,20.0,1.61
640,1421,,,,,SDSS J015141.69+124429.6,70.0,47.0,0.97
641,1425,,,,,SDSS J020742.48+000056.2 [de],111.0,47.0,0.97
642,1426,,,,,2MASS J02103857-3015313,101.0,15.0,1.53
643,1427,,,,,2MASS J02340093-6442068,155.0,20.0,1.62
644,1428,,,,,2MASS J02411151-0326587 [de],152.0,27.0,1.41
645,1429,,,,,2MASS J02431371−2453298,35.0,33.0,0.99
646,1430,,,,,LP 771-21,53.0,78.0,1.08
647,1432,,,,,2MASS J02535980+3206373,184.0,65.0,1.9
648,1433,,,,,WISE J0254+0223,24.0,65.0,1.9
649,1434,,,,,DEN 0255-4700,16.2,80.0,0.97
650,1435,,,,,2MASS J03185403-3421292 [de],45.0,49.0,0.97
651,1436,,,,,2MASS J03205965+1854233,47.0,88.0,1.15
652,1437,,,,,2MASS J03231002-4631237,192.0,23.0,1.66
653,1438,,,,,SDSS J032553.17+042540.1,59.0,45.0,0.95
654,1439,,,,,2MASS J03264225-2102057 [de],80.0,18.0,1.3
655,1440,,,,,2MASS J03284265+2302051 [de],98.0,54.0,0.98
656,1441,,,,,2MASS J03341218-4953322,27.0,73.0,1.04
657,1442,,,,,LP 944-20,20.9,73.0,1.43
658,1443,,,,,2MASP J0345432+254023,88.0,74.0,1.05
659,1444,,,,,Teide 1,380.0,55.0,3.78
660,1445,,,,,2MASS J03510004-0052452,48.0,102.0,1.27
661,1446,,,,,2MASS J03552337+1133437,29.8,20.0,1.32
662,1448,,,,,2MASS J04151954−0935066,18.6,30.0,0.95
663,1450,,,,,2MASS J04285096-2253227 [de],85.0,80.0,1.09
664,1451,,,,,2MASS J04351612-1606574,34.0,100.0,1.26
665,1452,,,,,2MASS J04362788-4114465,142.0,39.0,1.97
666,1453,,,,,2MASS J04390101-2353083 [de],29.5,48.0,0.97
667,1455,,,,,2MASS J04433764+0002040,82.0,22.0,1.78
668,1456,,,,,2MASS J04455387-3048204 [de],42.0,64.0,1.0
669,1457,,,,,2MASS J04510093-3402150 [de],69.0,72.0,1.04
670,1458,,,,,2MASS J05002100+0330501 [de],44.0,64.0,1.0
671,1459,,,,,2MASS J05012406-0010452 [de],64.0,21.0,1.38
672,1460,,,,,2MASS J05160945-0445499 [de],73.0,47.0,0.97
673,1461,,,,,2MASS J0523−1403,40.0,68.0,1.01
674,1463,,,,,SDSS J053951.99-005902.0,41.62,61.0,1.01
675,1465,,,,,LSR 0602+3910 [de],34.6,28.0,1.41
676,1466,,,,,2MASS J06085283-2753583,102.0,38.0,1.51
677,1469,,,,,2MASS J06244595-4521548 [de],39.0,56.0,0.99
678,1470,,,,,2MASS J06411840-4322329 [de],65.0,67.0,1.01
679,1471,,,,,DENIS-P J0652197-253450 [de],51.0,75.0,1.05
680,1473,,,,,2MASS J07075327-4900503,60.0,72.0,1.03
681,1474,,,,,UGPS J072227.51-054031.2,13.4,26.0,0.98
682,1475,,,,,2MASSI J0727182+171001 [de],29.6,41.0,0.94
683,1476,,,,,2MASS J07290002-3954043 [de],25.8,37.0,0.94
684,1477,,,,,SDSS J074201.41+205520.5 [de],49.0,43.0,0.94
685,1479,,,,,DENIS-P J0751164-253043 [de],55.0,71.0,1.03
686,1480,,,,,2MASS J07522390+1612157,60.0,68.0,2.01
687,1481,,,,,DENIS J081730.0-615520,16.1,44.0,0.94
688,1484,,,,,2MASS J08251968+2115521 [de],35.0,52.0,0.98
689,1485,,,,,SDSSp J083008.12+482847.4 [de],43.0,48.0,0.99
690,1486,,,,,LHS 2021,55.0,88.0,1.15
691,1487,,,,,SDSS J083048.80+012831.1 [de],77.0,46.0,0.96
692,1488,,,,,2MASSI J0835425-081923 [de],23.53,62.0,1.0
693,1489,,,,,2MASSI J0847287-153237 [de],43.0,64.0,1.0
694,1490,,,,,2MASS J08533619-0329321,27.6,77.0,1.07
695,1491,,,,,2MASSI J0859254-194926 [de],50.0,50.0,0.98
696,1493,,,,,2MASSI J0937347+293142,20.0,42.0,0.94
697,1494,,,,,2MASS 0939−2448,17.4,32.0,0.95
698,1495,,,,,2MASS J09490860-1545485 [de],59.0,49.0,0.96
699,1496,,,,,2MASS J10073369-4555147,46.0,44.0,0.94
700,1497,,,,,2MASSI J1010148-040649 [de],55.0,51.0,0.98
701,1500,,,,,2MASS J10224821+5825453 [de],60.0,27.0,1.41
702,1501,,,,,2MASSW J1036530-344138 [de],53.0,49.0,0.97
703,1502,,,,,2MASS J1047538+212423 [de],34.4,42.0,0.94
704,1503,,,,,Luhman 16B,6.516,43.0,1.02
705,1504,,,,,Luhman 16A,6.516,40.0,1.01
706,1505,,,,,DENIS-P J1058.7−1548,49.0,64.0,1.0
707,1506,,,,,TWA 28,180.0,36.0,2.39
708,1507,,,,,Cha 110913-773444,163.0,8.0,1.8
709,1509,,,,,SDSS J111010.01+011613.1,63.0,9.0,1.24
710,1510,,,,,2MASS J11145133−2618235,18.2,33.0,0.96
711,1511,,,,,TWA 26,137.0,30.0,2.2
712,1513,,,,,2MASS J11544223-3400390 [de],129.0,37.0,1.5
713,1514,,,,,2MASSW J1155395-372735 [de],31.0,64.0,1.0
714,1517,,,,,2MASS J12074836-3900043,217.0,17.0,1.71
715,1518,,,,,2MASSI J1217110-031113 [de],36.0,42.0,0.94
716,1521,,,,,2M 1237+6526,45.6,41.0,0.94
717,1523,,,,,TWA 29,262.0,25.0,2.0
718,1524,,,,,SDSSp J125453.90-012247.4 [de],38.0,47.0,0.98
719,1525,,,,,Kelu-1A,61.0,63.0,0.98
720,1526,,,,,Kelu-1B,61.0,58.0,0.98
721,1527,,,,,2MASS J13204427+0409045,101.0,67.0,1.01
722,1528,,,,,SDSSp J132629.82-003831.5 [de],65.0,51.0,0.97
723,1529,,,,,SDSSp J134646.45-003150.4 [de],48.0,44.0,0.94
724,1530,,,,,2MASS J13595510-4034582,51.0,63.0,1.0
725,1531,,,,,ULAS J141623.94+134836.3,29.7,32.0,0.96
726,1532,,,,,SDSS J141659.78+500626.4 [de],149.0,59.0,0.99
727,1533,,,,,DENIS-P J142527.97-365023.4 [de],38.0,21.0,1.32
728,1534,,,,,LHS 2924,38.5,76.0,1.06
729,1535,,,,,2MASS J14392837+1929150,47.0,72.0,1.03
730,1536,,,,,LSPM J1440+1339,72.0,92.0,1.19
731,1537,,,,,2MASS J14482563+1031590 [de],47.0,59.0,0.99
732,1538,,,,,CFBDSIR 1458+10A,104.0,11.1,1.5
733,1539,,,,,CFBDSIR 1458+10B,104.0,9.0,1.3
734,1540,,,,,TVLM 513-46546,35.1,75.0,1.05
735,1541,,,,,2MASS 1503+2525,20.7,44.0,0.94
736,1542,,,,,CFBDS J150411+102717,71.0,44.0,0.94
737,1543,,,,,2MASSW J1506544+132106 [de],46.0,69.0,1.02
738,1544,,,,,2MASS 1507−1627,23.9,60.0,0.99
739,1545,,,,,TVLM 868-110639,53.0,79.0,1.08
740,1547,,,,,2MASSW J1515008+484742 [de],34.0,57.0,0.99
741,1548,,,,,2MASSI J1526140+204341 [de],67.0,54.0,0.98
742,1549,,,,,DENIS-P J153941.96-052042.4 [de],51.0,63.0,1.0
743,1550,,,,,2MASS J15462718-3325111 [de],37.0,44.0,0.94
744,1551,,,,,2MASSW J1552591+294849 [de],68.0,30.0,1.43
745,1552,,,,,2MASSW J1555157-095605 [de],44.0,71.0,1.03
746,1553,,,,,2MASS J16150413+1340079 [de],48.0,42.0,0.94
747,1554,,,,,SDSSp J162414.37+002915.6 [de],36.0,43.0,0.94
748,1555,,,,,2MASS J16262034+3925190 [de],110.0,71.0,1.03
749,1556,,,,,2MASSW J1632291+190441 [de],50.0,49.0,0.97
750,1557,,,,,WISEPA J164715.59+563208.2,28.0,41.0,0.94
751,1558,,,,,LSPM J1658+7027 [de],60.0,73.0,1.04
752,1559,,,,,2MASSI J1726000+153819,114.0,24.0,1.4
753,1561,,,,,SDSSp J175032.96+175903.9,90.0,47.0,0.97
754,1562,,,,,2MASS J18283572-4849046,39.0,45.0,0.95
755,1563,,,,,LSR J1835+3259,18.5,77.0,1.07
756,1564,,,,,2MASSW J1841086+311727,138.0,67.0,1.01
757,1565,,,,,2MASS J18432213+4040209,46.0,96.0,1.22
758,1566,,,,,2MASS J20004841-7523070,105.0,25.0,1.88
759,1567,,,,,SDSS J204749.61-071818.3,65.0,46.0,0.96
760,1568,,,,,2MASSI J2057540-025230,47.0,70.0,1.02
761,1570,,,,,2MASSI J2104149-103736,62.0,69.0,1.02
762,1571,,,,,PSO J318.5−22,80.0,6.5,1.53
763,1572,,,,,HB 2124-4228,113.0,94.0,1.21
764,1573,,,,,2MASS J21392676+0220226,32.1,46.0,0.96
765,1574,,,,,2MASS J21481628+4003593,26.3,55.0,0.99
766,1576,,,,,2MASSW J2206450-421721,93.0,22.0,1.33
767,1577,,,,,2MASSW J2208136+292121,154.0,27.0,1.41
768,1578,,,,,2MASSW J2224438-015852,38.0,61.0,0.99
769,1579,,,,,2MASS J22282889-4310262,35.0,42.0,0.94
770,1580,,,,,2MASS J22373255+3922398,64.0,73.0,1.04
771,1581,,,,,2MASSW J2244316+204343,56.0,12.0,1.29
772,1582,,,,,2MASS J23224684-3133231,56.0,24.0,1.39
773,1583,,,,,2MASS J23225299-6151275,148.0,17.0,1.59
774,1584,,,,,2MASS J23515044-2537367,67.0,88.0,1.16
775,1585,,,,,2MASSI J2356547-155310,74.0,80.0,1.09
776,1623,,,,,WISE 0410+1502,20.0,6.0,1.17
777,1627,,,,,WISE 0458+6434A,35.9,15.0,4.2
778,1628,,,,,WISE 0458+6434B,35.9,10.0,3.8
779,1682,,,,,WISE 1405+5534,25.3,30.0,0.86
780,1750,,,,,SDSS J000013.54+255418.6 [de],46.1,48.0,0.99
781,1751,,,,,2MASS J00040288-6410358,192.0,19.0,1.63
782,1753,,,,,2MASS J00242463-0158201,37.7,79.0,1.09
783,1755,,,,,2MASS J00274197+0503417,236.0,31.0,1.44
784,1757,,,,,2MASSW J0030300-145033,87.2,54.0,0.98
785,1758,,,,,2MASS J00332386-1521309 [de],131.0,29.0,1.43
786,1759,,,,,2MASS J00345157+0523050,31.0,42.0,0.94
787,1760,,,,,2MASS 0036+1821,28.6,42.0,0.94
788,1761,,,,,2MASSW J0045214+163445,57.0,23.0,1.62
789,1762,,,,,WISEP J004701.06+680352.1 [fr],40.0,12.0,1.3
790,1763,,,,,2MASS J00501994-3322402 [de],34.0,40.0,0.94
791,1765,,,,,2MASS J00584253-0651239 [de],96.0,29.0,1.43
792,1767,,,,,2MASSI J0103320+193536,70.0,52.0,0.98
793,1768,,,,,SDSSp J010752.33+004156.1 [de],51.0,52.0,0.98
794,1769,,,,,2MASSI J0117474-340325 [de],163.0,20.0,1.62
795,1770,,,,,2MASS J01415823-4633574 [de],130.0,20.0,1.61
796,1771,,,,,SDSS J015141.69+124429.6,70.0,47.0,0.97
797,1775,,,,,SDSS J020742.48+000056.2 [de],111.0,47.0,0.97
798,1776,,,,,2MASS J02103857-3015313,101.0,15.0,1.53
799,1777,,,,,2MASS J02340093-6442068,155.0,20.0,1.62
800,1778,,,,,2MASS J02411151-0326587 [de],152.0,27.0,1.41
801,1779,,,,,2MASS J02431371−2453298,35.0,33.0,0.99
802,1780,,,,,LP 771-21,53.0,78.0,1.08
803,1782,,,,,2MASS J02535980+3206373,184.0,65.0,1.9
804,1783,,,,,WISE J0254+0223,24.0,65.0,1.9
805,1784,,,,,DEN 0255-4700,16.2,80.0,0.97
806,1785,,,,,2MASS J03185403-3421292 [de],45.0,49.0,0.97
807,1786,,,,,2MASS J03205965+1854233,47.0,88.0,1.15
808,1787,,,,,2MASS J03231002-4631237,192.0,23.0,1.66
809,1788,,,,,SDSS J032553.17+042540.1,59.0,45.0,0.95
810,1789,,,,,2MASS J03264225-2102057 [de],80.0,18.0,1.3
811,1790,,,,,2MASS J03284265+2302051 [de],98.0,54.0,0.98
812,1791,,,,,2MASS J03341218-4953322,27.0,73.0,1.04
813,1792,,,,,LP 944-20,20.9,73.0,1.43
814,1793,,,,,2MASP J0345432+254023,88.0,74.0,1.05
815,1794,,,,,Teide 1,380.0,55.0,3.78
816,1795,,,,,2MASS J03510004-0052452,48.0,102.0,1.27
817,1796,,,,,2MASS J03552337+1133437,29.8,20.0,1.32
818,1798,,,,,2MASS J04151954−0935066,18.6,30.0,0.95
819,1800,,,,,2MASS J04285096-2253227 [de],85.0,80.0,1.09
820,1801,,,,,2MASS J04351612-1606574,34.0,100.0,1.26
821,1802,,,,,2MASS J04362788-4114465,142.0,39.0,1.97
822,1803,,,,,2MASS J04390101-2353083 [de],29.5,48.0,0.97
823,1805,,,,,2MASS J04433764+0002040,82.0,22.0,1.78
824,1806,,,,,2MASS J04455387-3048204 [de],42.0,64.0,1.0
825,1807,,,,,2MASS J04510093-3402150 [de],69.0,72.0,1.04
826,1808,,,,,2MASS J05002100+0330501 [de],44.0,64.0,1.0
827,1809,,,,,2MASS J05012406-0010452 [de],64.0,21.0,1.38
828,1810,,,,,2MASS J05160945-0445499 [de],73.0,47.0,0.97
829,1811,,,,,2MASS J0523−1403,40.0,68.0,1.01
830,1813,,,,,SDSS J053951.99-005902.0,41.62,61.0,1.01
831,1815,,,,,LSR 0602+3910 [de],34.6,28.0,1.41
832,1816,,,,,2MASS J06085283-2753583,102.0,38.0,1.51
833,1819,,,,,2MASS J06244595-4521548 [de],39.0,56.0,0.99
834,1820,,,,,2MASS J06411840-4322329 [de],65.0,67.0,1.01
835,1821,,,,,DENIS-P J0652197-253450 [de],51.0,75.0,1.05
836,1823,,,,,2MASS J07075327-4900503,60.0,72.0,1.03
837,1824,,,,,UGPS J072227.51-054031.2,13.4,26.0,0.98
838,1825,,,,,2MASSI J0727182+171001 [de],29.6,41.0,0.94
839,1826,,,,,2MASS J07290002-3954043 [de],25.8,37.0,0.94
840,1827,,,,,SDSS J074201.41+205520.5 [de],49.0,43.0,0.94
841,1829,,,,,DENIS-P J0751164-253043 [de],55.0,71.0,1.03
842,1830,,,,,2MASS J07522390+1612157,60.0,68.0,2.01
843,1831,,,,,DENIS J081730.0-615520,16.1,44.0,0.94
844,1834,,,,,2MASS J08251968+2115521 [de],35.0,52.0,0.98
845,1835,,,,,SDSSp J083008.12+482847.4 [de],43.0,48.0,0.99
846,1836,,,,,LHS 2021,55.0,88.0,1.15
847,1837,,,,,SDSS J083048.80+012831.1 [de],77.0,46.0,0.96
848,1838,,,,,2MASSI J0835425-081923 [de],23.53,62.0,1.0
849,1839,,,,,2MASSI J0847287-153237 [de],43.0,64.0,1.0
850,1840,,,,,2MASS J08533619-0329321,27.6,77.0,1.07
851,1841,,,,,2MASSI J0859254-194926 [de],50.0,50.0,0.98
852,1843,,,,,2MASSI J0937347+293142,20.0,42.0,0.94
853,1844,,,,,2MASS 0939−2448,17.4,32.0,0.95
854,1845,,,,,2MASS J09490860-1545485 [de],59.0,49.0,0.96
855,1846,,,,,2MASS J10073369-4555147,46.0,44.0,0.94
856,1847,,,,,2MASSI J1010148-040649 [de],55.0,51.0,0.98
857,1850,,,,,2MASS J10224821+5825453 [de],60.0,27.0,1.41
858,1851,,,,,2MASSW J1036530-344138 [de],53.0,49.0,0.97
859,1852,,,,,2MASS J1047538+212423 [de],34.4,42.0,0.94
860,1853,,,,,Luhman 16B,6.516,43.0,1.02
861,1854,,,,,Luhman 16A,6.516,40.0,1.01
862,1855,,,,,DENIS-P J1058.7−1548,49.0,64.0,1.0
863,1856,,,,,TWA 28,180.0,36.0,2.39
864,1857,,,,,Cha 110913-773444,163.0,8.0,1.8
865,1859,,,,,SDSS J111010.01+011613.1,63.0,9.0,1.24
866,1860,,,,,2MASS J11145133−2618235,18.2,33.0,0.96
867,1861,,,,,TWA 26,137.0,30.0,2.2
868,1863,,,,,2MASS J11544223-3400390 [de],129.0,37.0,1.5
869,1864,,,,,2MASSW J1155395-372735 [de],31.0,64.0,1.0
870,1867,,,,,2MASS J12074836-3900043,217.0,17.0,1.71
871,1868,,,,,2MASSI J1217110-031113 [de],36.0,42.0,0.94
872,1871,,,,,2M 1237+6526,45.6,41.0,0.94
873,1873,,,,,TWA 29,262.0,25.0,2.0
874,1874,,,,,SDSSp J125453.90-012247.4 [de],38.0,47.0,0.98
875,1875,,,,,Kelu-1A,61.0,63.0,0.98
876,1876,,,,,Kelu-1B,61.0,58.0,0.98
877,1877,,,,,2MASS J13204427+0409045,101.0,67.0,1.01
878,1878,,,,,SDSSp J132629.82-003831.5 [de],65.0,51.0,0.97
879,1879,,,,,SDSSp J134646.45-003150.4 [de],48.0,44.0,0.94
880,1880,,,,,2MASS J13595510-4034582,51.0,63.0,1.0
881,1881,,,,,ULAS J141623.94+134836.3,29.7,32.0,0.96
882,1882,,,,,SDSS J141659.78+500626.4 [de],149.0,59.0,0.99
883,1883,,,,,DENIS-P J142527.97-365023.4 [de],38.0,21.0,1.32
884,1884,,,,,LHS 2924,38.5,76.0,1.06
885,1885,,,,,2MASS J14392837+1929150,47.0,72.0,1.03
886,1886,,,,,LSPM J1440+1339,72.0,92.0,1.19
887,1887,,,,,2MASS J14482563+1031590 [de],47.0,59.0,0.99
888,1888,,,,,CFBDSIR 1458+10A,104.0,11.1,1.5
889,1889,,,,,CFBDSIR 1458+10B,104.0,9.0,1.3
890,1890,,,,,TVLM 513-46546,35.1,75.0,1.05
891,1891,,,,,2MASS 1503+2525,20.7,44.0,0.94
892,1892,,,,,CFBDS J150411+102717,71.0,44.0,0.94
893,1893,,,,,2MASSW J1506544+132106 [de],46.0,69.0,1.02
894,1894,,,,,2MASS 1507−1627,23.9,60.0,0.99
895,1895,,,,,TVLM 868-110639,53.0,79.0,1.08
896,1897,,,,,2MASSW J1515008+484742 [de],34.0,57.0,0.99
897,1898,,,,,2MASSI J1526140+204341 [de],67.0,54.0,0.98
898,1899,,,,,DENIS-P J153941.96-052042.4 [de],51.0,63.0,1.0
899,1900,,,,,2MASS J15462718-3325111 [de],37.0,44.0,0.94
900,1901,,,,,2MASSW J1552591+294849 [de],68.0,30.0,1.43
901,1902,,,,,2MASSW J1555157-095605 [de],44.0,71.0,1.03
902,1903,,,,,2MASS J16150413+1340079 [de],48.0,42.0,0.94
903,1904,,,,,SDSSp J162414.37+002915.6 [de],36.0,43.0,0.94
904,1905,,,,,2MASS J16262034+3925190 [de],110.0,71.0,1.03
905,1906,,,,,2MASSW J1632291+190441 [de],50.0,49.0,0.97
906,1907,,,,,WISEPA J164715.59+563208.2,28.0,41.0,0.94
907,1908,,,,,LSPM J1658+7027 [de],60.0,73.0,1.04
908,1909,,,,,2MASSI J1726000+153819,114.0,24.0,1.4
909,1911,,,,,SDSSp J175032.96+175903.9,90.0,47.0,0.97
910,1912,,,,,2MASS J18283572-4849046,39.0,45.0,0.95
911,1913,,,,,LSR J1835+3259,18.5,77.0,1.07
912,1914,,,,,2MASSW J1841086+311727,138.0,67.0,1.01
913,1915,,,,,2MASS J18432213+4040209,46.0,96.0,1.22
914,1916,,,,,2MASS J20004841-7523070,105.0,25.0,1.88
915,1917,,,,,SDSS J204749.61-071818.3,65.0,46.0,0.96
916,1918,,,,,2MASSI J2057540-025230,47.0,70.0,1.02
917,1920,,,,,2MASSI J2104149-103736,62.0,69.0,1.02
918,1921,,,,,PSO J318.5−22,80.0,6.5,1.53
919,1922,,,,,HB 2124-4228,113.0,94.0,1.21
920,1923,,,,,2MASS J21392676+0220226,32.1,46.0,0.96
921,1924,,,,,2MASS J21481628+4003593,26.3,55.0,0.99
922,1926,,,,,2MASSW J2206450-421721,93.0,22.0,1.33
923,1927,,,,,2MASSW J2208136+292121,154.0,27.0,1.41
924,1928,,,,,2MASSW J2224438-015852,38.0,61.0,0.99
925,1929,,,,,2MASS J22282889-4310262,35.0,42.0,0.94
926,1930,,,,,2MASS J22373255+3922398,64.0,73.0,1.04
927,1931,,,,,2MASSW J2244316+204343,56.0,12.0,1.29
928,1932,,,,,2MASS J23224684-3133231,56.0,24.0,1.39
929,1933,,,,,2MASS J23225299-6151275,148.0,17.0,1.59
930,1934,,,,,2MASS J23515044-2537367,67.0,88.0,1.16
931,1935,,,,,2MASSI J2356547-155310,74.0,80.0,1.09
932,1973,,,,,WISE 0410+1502,20.0,6.0,1.17
933,1977,,,,,WISE 0458+6434A,35.9,15.0,4.2
934,1978,,,,,WISE 0458+6434B,35.9,10.0,3.8
935,2032,,,,,WISE 1405+5534,25.3,30.0,0.86
936,2100,,,,,SDSS J000013.54+255418.6 [de],46.1,48.0,0.99
937,2101,,,,,2MASS J00040288-6410358,192.0,19.0,1.63
938,2103,,,,,2MASS J00242463-0158201,37.7,79.0,1.09
939,2105,,,,,2MASS J00274197+0503417,236.0,31.0,1.44
940,2107,,,,,2MASSW J0030300-145033,87.2,54.0,0.98
941,2108,,,,,2MASS J00332386-1521309 [de],131.0,29.0,1.43
942,2109,,,,,2MASS J00345157+0523050,31.0,42.0,0.94
943,2110,,,,,2MASS 0036+1821,28.6,42.0,0.94
944,2111,,,,,2MASSW J0045214+163445,57.0,23.0,1.62
945,2112,,,,,WISEP J004701.06+680352.1 [fr],40.0,12.0,1.3
946,2113,,,,,2MASS J00501994-3322402 [de],34.0,40.0,0.94
947,2115,,,,,2MASS J00584253-0651239 [de],96.0,29.0,1.43
948,2117,,,,,2MASSI J0103320+193536,70.0,52.0,0.98
949,2118,,,,,SDSSp J010752.33+004156.1 [de],51.0,52.0,0.98
950,2119,,,,,2MASSI J0117474-340325 [de],163.0,20.0,1.62
951,2120,,,,,2MASS J01415823-4633574 [de],130.0,20.0,1.61
952,2121,,,,,SDSS J015141.69+124429.6,70.0,47.0,0.97
953,2125,,,,,SDSS J020742.48+000056.2 [de],111.0,47.0,0.97
954,2126,,,,,2MASS J02103857-3015313,101.0,15.0,1.53
955,2127,,,,,2MASS J02340093-6442068,155.0,20.0,1.62
956,2128,,,,,2MASS J02411151-0326587 [de],152.0,27.0,1.41
957,2129,,,,,2MASS J02431371−2453298,35.0,33.0,0.99
958,2130,,,,,LP 771-21,53.0,78.0,1.08
959,2132,,,,,2MASS J02535980+3206373,184.0,65.0,1.9
960,2133,,,,,WISE J0254+0223,24.0,65.0,1.9
961,2134,,,,,DEN 0255-4700,16.2,80.0,0.97
962,2135,,,,,2MASS J03185403-3421292 [de],45.0,49.0,0.97
963,2136,,,,,2MASS J03205965+1854233,47.0,88.0,1.15
964,2137,,,,,2MASS J03231002-4631237,192.0,23.0,1.66
965,2138,,,,,SDSS J032553.17+042540.1,59.0,45.0,0.95
966,2139,,,,,2MASS J03264225-2102057 [de],80.0,18.0,1.3
967,2140,,,,,2MASS J03284265+2302051 [de],98.0,54.0,0.98
968,2141,,,,,2MASS J03341218-4953322,27.0,73.0,1.04
969,2142,,,,,LP 944-20,20.9,73.0,1.43
970,2143,,,,,2MASP J0345432+254023,88.0,74.0,1.05
971,2144,,,,,Teide 1,380.0,55.0,3.78
972,2145,,,,,2MASS J03510004-0052452,48.0,102.0,1.27
973,2146,,,,,2MASS J03552337+1133437,29.8,20.0,1.32
974,2148,,,,,2MASS J04151954−0935066,18.6,30.0,0.95
975,2150,,,,,2MASS J04285096-2253227 [de],85.0,80.0,1.09
976,2151,,,,,2MASS J04351612-1606574,34.0,100.0,1.26
977,2152,,,,,2MASS J04362788-4114465,142.0,39.0,1.97
978,2153,,,,,2MASS J04390101-2353083 [de],29.5,48.0,0.97
979,2155,,,,,2MASS J04433764+0002040,82.0,22.0,1.78
980,2156,,,,,2MASS J04455387-3048204 [de],42.0,64.0,1.0
981,2157,,,,,2MASS J04510093-3402150 [de],69.0,72.0,1.04
982,2158,,,,,2MASS J05002100+0330501 [de],44.0,64.0,1.0
983,2159,,,,,2MASS J05012406-0010452 [de],64.0,21.0,1.38
984,2160,,,,,2MASS J05160945-0445499 [de],73.0,47.0,0.97
985,2161,,,,,2MASS J0523−1403,40.0,68.0,1.01
986,2163,,,,,SDSS J053951.99-005902.0,41.62,61.0,1.01
987,2165,,,,,LSR 0602+3910 [de],34.6,28.0,1.41
988,2166,,,,,2MASS J06085283-2753583,102.0,38.0,1.51
989,2169,,,,,2MASS J06244595-4521548 [de],39.0,56.0,0.99
990,2170,,,,,2MASS J06411840-4322329 [de],65.0,67.0,1.01
991,2171,,,,,DENIS-P J0652197-253450 [de],51.0,75.0,1.05
992,2173,,,,,2MASS J07075327-4900503,60.0,72.0,1.03
993,2174,,,,,UGPS J072227.51-054031.2,13.4,26.0,0.98
994,2175,,,,,2MASSI J0727182+171001 [de],29.6,41.0,0.94
995,2176,,,,,2MASS J07290002-3954043 [de],25.8,37.0,0.94
996,2177,,,,,SDSS J074201.41+205520.5 [de],49.0,43.0,0.94
997,2179,,,,,DENIS-P J0751164-253043 [de],55.0,71.0,1.03
998,2180,,,,,2MASS J07522390+1612157,60.0,68.0,2.01
999,2181,,,,,DENIS J081730.0-615520,16.1,44.0,0.94
1000,2184,,,,,2MASS J08251968+2115521 [de],35.0,52.0,0.98
1001,2185,,,,,SDSSp J083008.12+482847.4 [de],43.0,48.0,0.99
1002,2186,,,,,LHS 2021,55.0,88.0,1.15
1003,2187,,,,,SDSS J083048.80+012831.1 [de],77.0,46.0,0.96
1004,2188,,,,,2MASSI J0835425-081923 [de],23.53,62.0,1.0
1005,2189,,,,,2MASSI J0847287-153237 [de],43.0,64.0,1.0
1006,2190,,,,,2MASS J08533619-0329321,27.6,77.0,1.07
1007,2191,,,,,2MASSI J0859254-194926 [de],50.0,50.0,0.98
1008,2193,,,,,2MASSI J0937347+293142,20.0,42.0,0.94
1009,2194,,,,,2MASS 0939−2448,17.4,32.0,0.95
1010,2195,,,,,2MASS J09490860-1545485 [de],59.0,49.0,0.96
1011,2196,,,,,2MASS J10073369-4555147,46.0,44.0,0.94
1012,2197,,,,,2MASSI J1010148-040649 [de],55.0,51.0,0.98
1013,2200,,,,,2MASS J10224821+5825453 [de],60.0,27.0,1.41
1014,2201,,,,,2MASSW J1036530-344138 [de],53.0,49.0,0.97
1015,2202,,,,,2MASS J1047538+212423 [de],34.4,42.0,0.94
1016,2203,,,,,Luhman 16B,6.516,43.0,1.02
1017,2204,,,,,Luhman 16A,6.516,40.0,1.01
1018,2205,,,,,DENIS-P J1058.7−1548,49.0,64.0,1.0
1019,2206,,,,,TWA 28,180.0,36.0,2.39
1020,2207,,,,,Cha 110913-773444,163.0,8.0,1.8
1021,2209,,,,,SDSS J111010.01+011613.1,63.0,9.0,1.24
1022,2210,,,,,2MASS J11145133−2618235,18.2,33.0,0.96
1023,2211,,,,,TWA 26,137.0,30.0,2.2
1024,2213,,,,,2MASS J11544223-3400390 [de],129.0,37.0,1.5
1025,2214,,,,,2MASSW J1155395-372735 [de],31.0,64.0,1.0
1026,2217,,,,,2MASS J12074836-3900043,217.0,17.0,1.71
1027,2218,,,,,2MASSI J1217110-031113 [de],36.0,42.0,0.94
1028,2221,,,,,2M 1237+6526,45.6,41.0,0.94
1029,2223,,,,,TWA 29,262.0,25.0,2.0
1030,2224,,,,,SDSSp J125453.90-012247.4 [de],38.0,47.0,0.98
1031,2225,,,,,Kelu-1A,61.0,63.0,0.98
1032,2226,,,,,Kelu-1B,61.0,58.0,0.98
1033,2227,,,,,2MASS J13204427+0409045,101.0,67.0,1.01
1034,2228,,,,,SDSSp J132629.82-003831.5 [de],65.0,51.0,0.97
1035,2229,,,,,SDSSp J134646.45-003150.4 [de],48.0,44.0,0.94
1036,2230,,,,,2MASS J13595510-4034582,51.0,63.0,1.0
1037,2231,,,,,ULAS J141623.94+134836.3,29.7,32.0,0.96
1038,2232,,,,,SDSS J141659.78+500626.4 [de],149.0,59.0,0.99
1039,2233,,,,,DENIS-P J142527.97-365023.4 [de],38.0,21.0,1.32
1040,2234,,,,,LHS 2924,38.5,76.0,1.06
1041,2235,,,,,2MASS J14392837+1929150,47.0,72.0,1.03
1042,2236,,,,,LSPM J1440+1339,72.0,92.0,1.19
1043,2237,,,,,2MASS J14482563+1031590 [de],47.0,59.0,0.99
1044,2238,,,,,CFBDSIR 1458+10A,104.0,11.1,1.5
1045,2239,,,,,CFBDSIR 1458+10B,104.0,9.0,1.3
1046,2240,,,,,TVLM 513-46546,35.1,75.0,1.05
1047,2241,,,,,2MASS 1503+2525,20.7,44.0,0.94
1048,2242,,,,,CFBDS J150411+102717,71.0,44.0,0.94
1049,2243,,,,,2MASSW J1506544+132106 [de],46.0,69.0,1.02
1050,2244,,,,,2MASS 1507−1627,23.9,60.0,0.99
1051,2245,,,,,TVLM 868-110639,53.0,79.0,1.08
1052,2247,,,,,2MASSW J1515008+484742 [de],34.0,57.0,0.99
1053,2248,,,,,2MASSI J1526140+204341 [de],67.0,54.0,0.98
1054,2249,,,,,DENIS-P J153941.96-052042.4 [de],51.0,63.0,1.0
1055,2250,,,,,2MASS J15462718-3325111 [de],37.0,44.0,0.94
1056,2251,,,,,2MASSW J1552591+294849 [de],68.0,30.0,1.43
1057,2252,,,,,2MASSW J1555157-095605 [de],44.0,71.0,1.03
1058,2253,,,,,2MASS J16150413+1340079 [de],48.0,42.0,0.94
1059,2254,,,,,SDSSp J162414.37+002915.6 [de],36.0,43.0,0.94
1060,2255,,,,,2MASS J16262034+3925190 [de],110.0,71.0,1.03
1061,2256,,,,,2MASSW J1632291+190441 [de],50.0,49.0,0.97
1062,2257,,,,,WISEPA J164715.59+563208.2,28.0,41.0,0.94
1063,2258,,,,,LSPM J1658+7027 [de],60.0,73.0,1.04
1064,2259,,,,,2MASSI J1726000+153819,114.0,24.0,1.4
1065,2261,,,,,SDSSp J175032.96+175903.9,90.0,47.0,0.97
1066,2262,,,,,2MASS J18283572-4849046,39.0,45.0,0.95
1067,2263,,,,,LSR J1835+3259,18.5,77.0,1.07
1068,2264,,,,,2MASSW J1841086+311727,138.0,67.0,1.01
1069,2265,,,,,2MASS J18432213+4040209,46.0,96.0,1.22
1070,2266,,,,,2MASS J20004841-7523070,105.0,25.0,1.88
1071,2267,,,,,SDSS J204749.61-071818.3,65.0,46.0,0.96
1072,2268,,,,,2MASSI J2057540-025230,47.0,70.0,1.02
1073,2270,,,,,2MASSI J2104149-103736,62.0,69.0,1.02
1074,2271,,,,,PSO J318.5−22,80.0,6.5,1.53
1075,2272,,,,,HB 2124-4228,113.0,94.0,1.21
1076,2273,,,,,2MASS J21392676+0220226,32.1,46.0,0.96
1077,2274,,,,,2MASS J21481628+4003593,26.3,55.0,0.99
1078,2276,,,,,2MASSW J2206450-421721,93.0,22.0,1.33
1079,2277,,,,,2MASSW J2208136+292121,154.0,27.0,1.41
1080,2278,,,,,2MASSW J2224438-015852,38.0,61.0,0.99
1081,2279,,,,,2MASS J22282889-4310262,35.0,42.0,0.94
1082,2280,,,,,2MASS J22373255+3922398,64.0,73.0,1.04
1083,2281,,,,,2MASSW J2244316+204343,56.0,12.0,1.29
1084,2282,,,,,2MASS J23224684-3133231,56.0,24.0,1.39
1085,2283,,,,,2MASS J23225299-6151275,148.0,17.0,1.59
1086,2284,,,,,2MASS J23515044-2537367,67.0,88.0,1.16
1087,2285,,,,,2MASSI J2356547-155310,74.0,80.0,1.09
1088,2323,,,,,WISE 0410+1502,20.0,6.0,1.17
1089,2327,,,,,WISE 0458+6434A,35.9,15.0,4.2
1090,2328,,,,,WISE 0458+6434B,35.9,10.0,3.8
1091,2382,,,,,WISE 1405+5534,25.3,30.0,0.86
1092,2450,,,,,SDSS J000013.54+255418.6 [de],46.1,48.0,0.99
1093,2451,,,,,2MASS J00040288-6410358,192.0,19.0,1.63
1094,2453,,,,,2MASS J00242463-0158201,37.7,79.0,1.09
1095,2455,,,,,2MASS J00274197+0503417,236.0,31.0,1.44
1096,2457,,,,,2MASSW J0030300-145033,87.2,54.0,0.98
1097,2458,,,,,2MASS J00332386-1521309 [de],131.0,29.0,1.43
1098,2459,,,,,2MASS J00345157+0523050,31.0,42.0,0.94
1099,2460,,,,,2MASS 0036+1821,28.6,42.0,0.94
1100,2461,,,,,2MASSW J0045214+163445,57.0,23.0,1.62
1101,2462,,,,,WISEP J004701.06+680352.1 [fr],40.0,12.0,1.3
1102,2463,,,,,2MASS J00501994-3322402 [de],34.0,40.0,0.94
1103,2465,,,,,2MASS J00584253-0651239 [de],96.0,29.0,1.43
1104,2467,,,,,2MASSI J0103320+193536,70.0,52.0,0.98
1105,2468,,,,,SDSSp J010752.33+004156.1 [de],51.0,52.0,0.98
1106,2469,,,,,2MASSI J0117474-340325 [de],163.0,20.0,1.62
1107,2470,,,,,2MASS J01415823-4633574 [de],130.0,20.0,1.61
1108,2471,,,,,SDSS J015141.69+124429.6,70.0,47.0,0.97
1109,2475,,,,,SDSS J020742.48+000056.2 [de],111.0,47.0,0.97
1110,2476,,,,,2MASS J02103857-3015313,101.0,15.0,1.53
1111,2477,,,,,2MASS J02340093-6442068,155.0,20.0,1.62
1112,2478,,,,,2MASS J02411151-0326587 [de],152.0,27.0,1.41
1113,2479,,,,,2MASS J02431371−2453298,35.0,33.0,0.99
1114,2480,,,,,LP 771-21,53.0,78.0,1.08
1115,2482,,,,,2MASS J02535980+3206373,184.0,65.0,1.9
1116,2483,,,,,WISE J0254+0223,24.0,65.0,1.9
1117,2484,,,,,DEN 0255-4700,16.2,80.0,0.97
1118,2485,,,,,2MASS J03185403-3421292 [de],45.0,49.0,0.97
1119,2486,,,,,2MASS J03205965+1854233,47.0,88.0,1.15
1120,2487,,,,,2MASS J03231002-4631237,192.0,23.0,1.66
1121,2488,,,,,SDSS J032553.17+042540.1,59.0,45.0,0.95
1122,2489,,,,,2MASS J03264225-2102057 [de],80.0,18.0,1.3
1123,2490,,,,,2MASS J03284265+2302051 [de],98.0,54.0,0.98
1124,2491,,,,,2MASS J03341218-4953322,27.0,73.0,1.04
1125,2492,,,,,LP 944-20,20.9,73.0,1.43
1126,2493,,,,,2MASP J0345432+254023,88.0,74.0,1.05
1127,2494,,,,,Teide 1,380.0,55.0,3.78
1128,2495,,,,,2MASS J03510004-0052452,48.0,102.0,1.27
1129,2496,,,,,2MASS J03552337+1133437,29.8,20.0,1.32
1130,2498,,,,,2MASS J04151954−0935066,18.6,30.0,0.95
1131,2500,,,,,2MASS J04285096-2253227 [de],85.0,80.0,1.09
1132,2501,,,,,2MASS J04351612-1606574,34.0,100.0,1.26
1133,2502,,,,,2MASS J04362788-4114465,142.0,39.0,1.97
1134,2503,,,,,2MASS J04390101-2353083 [de],29.5,48.0,0.97
1135,2505,,,,,2MASS J04433764+0002040,82.0,22.0,1.78
1136,2506,,,,,2MASS J04455387-3048204 [de],42.0,64.0,1.0
1137,2507,,,,,2MASS J04510093-3402150 [de],69.0,72.0,1.04
1138,2508,,,,,2MASS J05002100+0330501 [de],44.0,64.0,1.0
1139,2509,,,,,2MASS J05012406-0010452 [de],64.0,21.0,1.38
1140,2510,,,,,2MASS J05160945-0445499 [de],73.0,47.0,0.97
1141,2511,,,,,2MASS J0523−1403,40.0,68.0,1.01
1142,2513,,,,,SDSS J053951.99-005902.0,41.62,61.0,1.01
1143,2515,,,,,LSR 0602+3910 [de],34.6,28.0,1.41
1144,2516,,,,,2MASS J06085283-2753583,102.0,38.0,1.51
1145,2519,,,,,2MASS J06244595-4521548 [de],39.0,56.0,0.99
1146,2520,,,,,2MASS J06411840-4322329 [de],65.0,67.0,1.01
1147,2521,,,,,DENIS-P J0652197-253450 [de],51.0,75.0,1.05
1148,2523,,,,,2MASS J07075327-4900503,60.0,72.0,1.03
1149,2524,,,,,UGPS J072227.51-054031.2,13.4,26.0,0.98
1150,2525,,,,,2MASSI J0727182+171001 [de],29.6,41.0,0.94
1151,2526,,,,,2MASS J07290002-3954043 [de],25.8,37.0,0.94
1152,2527,,,,,SDSS J074201.41+205520.5 [de],49.0,43.0,0.94
1153,2529,,,,,DENIS-P J0751164-253043 [de],55.0,71.0,1.03
1154,2530,,,,,2MASS J07522390+1612157,60.0,68.0,2.01
1155,2531,,,,,DENIS J081730.0-615520,16.1,44.0,0.94
1156,2534,,,,,2MASS J08251968+2115521 [de],35.0,52.0,0.98
1157,2535,,,,,SDSSp J083008.12+482847.4 [de],43.0,48.0,0.99
1158,2536,,,,,LHS 2021,55.0,88.0,1.15
1159,2537,,,,,SDSS J083048.80+012831.1 [de],77.0,46.0,0.96
1160,2538,,,,,2MASSI J0835425-081923 [de],23.53,62.0,1.0
1161,2539,,,,,2MASSI J0847287-153237 [de],43.0,64.0,1.0
1162,2540,,,,,2MASS J08533619-0329321,27.6,77.0,1.07
1163,2541,,,,,2MASSI J0859254-194926 [de],50.0,50.0,0.98
1164,2543,,,,,2MASSI J0937347+293142,20.0,42.0,0.94
1165,2544,,,,,2MASS 0939−2448,17.4,32.0,0.95
1166,2545,,,,,2MASS J09490860-1545485 [de],59.0,49.0,0.96
1167,2546,,,,,2MASS J10073369-4555147,46.0,44.0,0.94
1168,2547,,,,,2MASSI J1010148-040649 [de],55.0,51.0,0.98
1169,2550,,,,,2MASS J10224821+5825453 [de],60.0,27.0,1.41
1170,2551,,,,,2MASSW J1036530-344138 [de],53.0,49.0,0.97
1171,2552,,,,,2MASS J1047538+212423 [de],34.4,42.0,0.94
1172,2553,,,,,Luhman 16B,6.516,43.0,1.02
1173,2554,,,,,Luhman 16A,6.516,40.0,1.01
1174,2555,,,,,DENIS-P J1058.7−1548,49.0,64.0,1.0
1175,2556,,,,,TWA 28,180.0,36.0,2.39
1176,2557,,,,,Cha 110913-773444,163.0,8.0,1.8
1177,2559,,,,,SDSS J111010.01+011613.1,63.0,9.0,1.24
1178,2560,,,,,2MASS J11145133−2618235,18.2,33.0,0.96
1179,2561,,,,,TWA 26,137.0,30.0,2.2
1180,2563,,,,,2MASS J11544223-3400390 [de],129.0,37.0,1.5
1181,2564,,,,,2MASSW J1155395-372735 [de],31.0,64.0,1.0
1182,2567,,,,,2MASS J12074836-3900043,217.0,17.0,1.71
1183,2568,,,,,2MASSI J1217110-031113 [de],36.0,42.0,0.94
1184,2571,,,,,2M 1237+6526,45.6,41.0,0.94
1185,2573,,,,,TWA 29,262.0,25.0,2.0
1186,2574,,,,,SDSSp J125453.90-012247.4 [de],38.0,47.0,0.98
1187,2575,,,,,Kelu-1A,61.0,63.0,0.98
1188,2576,,,,,Kelu-1B,61.0,58.0,0.98
1189,2577,,,,,2MASS J13204427+0409045,101.0,67.0,1.01
1190,2578,,,,,SDSSp J132629.82-003831.5 [de],65.0,51.0,0.97
1191,2579,,,,,SDSSp J134646.45-003150.4 [de],48.0,44.0,0.94
1192,2580,,,,,2MASS J13595510-4034582,51.0,63.0,1.0
1193,2581,,,,,ULAS J141623.94+134836.3,29.7,32.0,0.96
1194,2582,,,,,SDSS J141659.78+500626.4 [de],149.0,59.0,0.99
1195,2583,,,,,DENIS-P J142527.97-365023.4 [de],38.0,21.0,1.32
1196,2584,,,,,LHS 2924,38.5,76.0,1.06
1197,2585,,,,,2MASS J14392837+1929150,47.0,72.0,1.03
1198,2586,,,,,LSPM J1440+1339,72.0,92.0,1.19
1199,2587,,,,,2MASS J14482563+1031590 [de],47.0,59.0,0.99
1200,2588,,,,,CFBDSIR 1458+10A,104.0,11.1,1.5
1201,2589,,,,,CFBDSIR 1458+10B,104.0,9.0,1.3
1202,2590,,,,,TVLM 513-46546,35.1,75.0,1.05
1203,2591,,,,,2MASS 1503+2525,20.7,44.0,0.94
1204,2592,,,,,CFBDS J150411+102717,71.0,44.0,0.94
1205,2593,,,,,2MASSW J1506544+132106 [de],46.0,69.0,1.02
1206,2594,,,,,2MASS 1507−1627,23.9,60.0,0.99
1207,2595,,,,,TVLM 868-110639,53.0,79.0,1.08
1208,2597,,,,,2MASSW J1515008+484742 [de],34.0,57.0,0.99
1209,2598,,,,,2MASSI J1526140+204341 [de],67.0,54.0,0.98
1210,2599,,,,,DENIS-P J153941.96-052042.4 [de],51.0,63.0,1.0
1211,2600,,,,,2MASS J15462718-3325111 [de],37.0,44.0,0.94
1212,2601,,,,,2MASSW J1552591+294849 [de],68.0,30.0,1.43
1213,2602,,,,,2MASSW J1555157-095605 [de],44.0,71.0,1.03
1214,2603,,,,,2MASS J16150413+1340079 [de],48.0,42.0,0.94
1215,2604,,,,,SDSSp J162414.37+002915.6 [de],36.0,43.0,0.94
1216,2605,,,,,2MASS J16262034+3925190 [de],110.0,71.0,1.03
1217,2606,,,,,2MASSW J1632291+190441 [de],50.0,49.0,0.97
1218,2607,,,,,WISEPA J164715.59+563208.2,28.0,41.0,0.94
1219,2608,,,,,LSPM J1658+7027 [de],60.0,73.0,1.04
1220,2609,,,,,2MASSI J1726000+153819,114.0,24.0,1.4
1221,2611,,,,,SDSSp J175032.96+175903.9,90.0,47.0,0.97
1222,2612,,,,,2MASS J18283572-4849046,39.0,45.0,0.95
1223,2613,,,,,LSR J1835+3259,18.5,77.0,1.07
1224,2614,,,,,2MASSW J1841086+311727,138.0,67.0,1.01
1225,2615,,,,,2MASS J18432213+4040209,46.0,96.0,1.22
1226,2616,,,,,2MASS J20004841-7523070,105.0,25.0,1.88
1227,2617,,,,,SDSS J204749.61-071818.3,65.0,46.0,0.96
1228,2618,,,,,2MASSI J2057540-025230,47.0,70.0,1.02
1229,2620,,,,,2MASSI J2104149-103736,62.0,69.0,1.02
1230,2621,,,,,PSO J318.5−22,80.0,6.5,1.53
1231,2622,,,,,HB 2124-4228,113.0,94.0,1.21
1232,2623,,,,,2MASS J21392676+0220226,32.1,46.0,0.96
1233,2624,,,,,2MASS J21481628+4003593,26.3,55.0,0.99
1234,2626,,,,,2MASSW J2206450-421721,93.0,22.0,1.33
1235,2627,,,,,2MASSW J2208136+292121,154.0,27.0,1.41
1236,2628,,,,,2MASSW J2224438-015852,38.0,61.0,0.99
1237,2629,,,,,2MASS J22282889-4310262,35.0,42.0,0.94
1238,2630,,,,,2MASS J22373255+3922398,64.0,73.0,1.04
1239,2631,,,,,2MASSW J2244316+204343,56.0,12.0,1.29
1240,2632,,,,,2MASS J23224684-3133231,56.0,24.0,1.39
1241,2633,,,,,2MASS J23225299-6151275,148.0,17.0,1.59
1242,2634,,,,,2MASS J23515044-2537367,67.0,88.0,1.16
1243,2635,,,,,2MASSI J2356547-155310,74.0,80.0,1.09
1244,2673,,,,,WISE 0410+1502,20.0,6.0,1.17
1245,2677,,,,,WISE 0458+6434A,35.9,15.0,4.2
1246,2678,,,,,WISE 0458+6434B,35.9,10.0,3.8
1247,2732,,,,,WISE 1405+5534,25.3,30.0,0.86
1248,2800,,,,,SDSS J000013.54+255418.6 [de],46.1,48.0,0.99
1249,2801,,,,,2MASS J00040288-6410358,192.0,19.0,1.63
1250,2803,,,,,2MASS J00242463-0158201,37.7,79.0,1.09
1251,2805,,,,,2MASS J00274197+0503417,236.0,31.0,1.44
1252,2807,,,,,2MASSW J0030300-145033,87.2,54.0,0.98
1253,2808,,,,,2MASS J00332386-1521309 [de],131.0,29.0,1.43
1254,2809,,,,,2MASS J00345157+0523050,31.0,42.0,0.94
1255,2810,,,,,2MASS 0036+1821,28.6,42.0,0.94
1256,2811,,,,,2MASSW J0045214+163445,57.0,23.0,1.62
1257,2812,,,,,WISEP J004701.06+680352.1 [fr],40.0,12.0,1.3
1258,2813,,,,,2MASS J00501994-3322402 [de],34.0,40.0,0.94
1259,2815,,,,,2MASS J00584253-0651239 [de],96.0,29.0,1.43
1260,2817,,,,,2MASSI J0103320+193536,70.0,52.0,0.98
1261,2818,,,,,SDSSp J010752.33+004156.1 [de],51.0,52.0,0.98
1262,2819,,,,,2MASSI J0117474-340325 [de],163.0,20.0,1.62
1263,2820,,,,,2MASS J01415823-4633574 [de],130.0,20.0,1.61
1264,2821,,,,,SDSS J015141.69+124429.6,70.0,47.0,0.97
1265,2825,,,,,SDSS J020742.48+000056.2 [de],111.0,47.0,0.97
1266,2826,,,,,2MASS J02103857-3015313,101.0,15.0,1.53
1267,2827,,,,,2MASS J02340093-6442068,155.0,20.0,1.62
1268,2828,,,,,2MASS J02411151-0326587 [de],152.0,27.0,1.41
1269,2829,,,,,2MASS J02431371−2453298,35.0,33.0,0.99
1270,2830,,,,,LP 771-21,53.0,78.0,1.08
1271,2832,,,,,2MASS J02535980+3206373,184.0,65.0,1.9
1272,2833,,,,,WISE J0254+0223,24.0,65.0,1.9
1273,2834,,,,,DEN 0255-4700,16.2,80.0,0.97
1274,2835,,,,,2MASS J03185403-3421292 [de],45.0,49.0,0.97
1275,2836,,,,,2MASS J03205965+1854233,47.0,88.0,1.15
1276,2837,,,,,2MASS J03231002-4631237,192.0,23.0,1.66
1277,2838,,,,,SDSS J032553.17+042540.1,59.0,45.0,0.95
1278,2839,,,,,2MASS J03264225-2102057 [de],80.0,18.0,1.3
1279,2840,,,,,2MASS J03284265+2302051 [de],98.0,54.0,0.98
1280,2841,,,,,2MASS J03341218-4953322,27.0,73.0,1.04
1281,2842,,,,,LP 944-20,20.9,73.0,1.43
1282,2843,,,,,2MASP J0345432+254023,88.0,74.0,1.05
1283,2844,,,,,Teide 1,380.0,55.0,3.78
1284,2845,,,,,2MASS J03510004-0052452,48.0,102.0,1.27
1285,2846,,,,,2MASS J03552337+1133437,29.8,20.0,1.32
1286,2848,,,,,2MASS J04151954−0935066,18.6,30.0,0.95
1287,2850,,,,,2MASS J04285096-2253227 [de],85.0,80.0,1.09
1288,2851,,,,,2MASS J04351612-1606574,34.0,100.0,1.26
1289,2852,,,,,2MASS J04362788-4114465,142.0,39.0,1.97
1290,2853,,,,,2MASS J04390101-2353083 [de],29.5,48.0,0.97
1291,2855,,,,,2MASS J04433764+0002040,82.0,22.0,1.78
1292,2856,,,,,2MASS J04455387-3048204 [de],42.0,64.0,1.0
1293,2857,,,,,2MASS J04510093-3402150 [de],69.0,72.0,1.04
1294,2858,,,,,2MASS J05002100+0330501 [de],44.0,64.0,1.0
1295,2859,,,,,2MASS J05012406-0010452 [de],64.0,21.0,1.38
1296,2860,,,,,2MASS J05160945-0445499 [de],73.0,47.0,0.97
1297,2861,,,,,2MASS J0523−1403,40.0,68.0,1.01
1298,2863,,,,,SDSS J053951.99-005902.0,41.62,61.0,1.01
1299,2865,,,,,LSR 0602+3910 [de],34.6,28.0,1.41
1300,2866,,,,,2MASS J06085283-2753583,102.0,38.0,1.51
1301,2869,,,,,2MASS J06244595-4521548 [de],39.0,56.0,0.99
1302,2870,,,,,2MASS J06411840-4322329 [de],65.0,67.0,1.01
1303,2871,,,,,DENIS-P J0652197-253450 [de],51.0,75.0,1.05
1304,2873,,,,,2MASS J07075327-4900503,60.0,72.0,1.03
1305,2874,,,,,UGPS J072227.51-054031.2,13.4,26.0,0.98
1306,2875,,,,,2MASSI J0727182+171001 [de],29.6,41.0,0.94
1307,2876,,,,,2MASS J07290002-3954043 [de],25.8,37.0,0.94
1308,2877,,,,,SDSS J074201.41+205520.5 [de],49.0,43.0,0.94
1309,2879,,,,,DENIS-P J0751164-253043 [de],55.0,71.0,1.03
1310,2880,,,,,2MASS J07522390+1612157,60.0,68.0,2.01
1311,2881,,,,,DENIS J081730.0-615520,16.1,44.0,0.94
1312,2884,,,,,2MASS J08251968+2115521 [de],35.0,52.0,0.98
1313,2885,,,,,SDSSp J083008.12+482847.4 [de],43.0,48.0,0.99
1314,2886,,,,,LHS 2021,55.0,88.0,1.15
1315,2887,,,,,SDSS J083048.80+012831.1 [de],77.0,46.0,0.96
1316,2888,,,,,2MASSI J0835425-081923 [de],23.53,62.0,1.0
1317,2889,,,,,2MASSI J0847287-153237 [de],43.0,64.0,1.0
1318,2890,,,,,2MASS J08533619-0329321,27.6,77.0,1.07
1319,2891,,,,,2MASSI J0859254-194926 [de],50.0,50.0,0.98
1320,2893,,,,,2MASSI J0937347+293142,20.0,42.0,0.94
1321,2894,,,,,2MASS 0939−2448,17.4,32.0,0.95
1322,2895,,,,,2MASS J09490860-1545485 [de],59.0,49.0,0.96
1323,2896,,,,,2MASS J10073369-4555147,46.0,44.0,0.94
1324,2897,,,,,2MASSI J1010148-040649 [de],55.0,51.0,0.98
1325,2900,,,,,2MASS J10224821+5825453 [de],60.0,27.0,1.41
1326,2901,,,,,2MASSW J1036530-344138 [de],53.0,49.0,0.97
1327,2902,,,,,2MASS J1047538+212423 [de],34.4,42.0,0.94
1328,2903,,,,,Luhman 16B,6.516,43.0,1.02
1329,2904,,,,,Luhman 16A,6.516,40.0,1.01
1330,2905,,,,,DENIS-P J1058.7−1548,49.0,64.0,1.0
1331,2906,,,,,TWA 28,180.0,36.0,2.39
1332,2907,,,,,Cha 110913-773444,163.0,8.0,1.8
1333,2909,,,,,SDSS J111010.01+011613.1,63.0,9.0,1.24
1334,2910,,,,,2MASS J11145133−2618235,18.2,33.0,0.96
1335,2911,,,,,TWA 26,137.0,30.0,2.2
1336,2913,,,,,2MASS J11544223-3400390 [de],129.0,37.0,1.5
1337,2914,,,,,2MASSW J1155395-372735 [de],31.0,64.0,1.0
1338,2917,,,,,2MASS J12074836-3900043,217.0,17.0,1.71
1339,2918,,,,,2MASSI J1217110-031113 [de],36.0,42.0,0.94
1340,2921,,,,,2M 1237+6526,45.6,41.0,0.94
1341,2923,,,,,TWA 29,262.0,25.0,2.0
1342,2924,,,,,SDSSp J125453.90-012247.4 [de],38.0,47.0,0.98
1343,2925,,,,,Kelu-1A,61.0,63.0,0.98
1344,2926,,,,,Kelu-1B,61.0,58.0,0.98
1345,2927,,,,,2MASS J13204427+0409045,101.0,67.0,1.01
1346,2928,,,,,SDSSp J132629.82-003831.5 [de],65.0,51.0,0.97
1347,2929,,,,,SDSSp J134646.45-003150.4 [de],48.0,44.0,0.94
1348,2930,,,,,2MASS J13595510-4034582,51.0,63.0,1.0
1349,2931,,,,,ULAS J141623.94+134836.3,29.7,32.0,0.96
1350,2932,,,,,SDSS J141659.78+500626.4 [de],149.0,59.0,0.99
1351,2933,,,,,DENIS-P J142527.97-365023.4 [de],38.0,21.0,1.32
1352,2934,,,,,LHS 2924,38.5,76.0,1.06
1353,2935,,,,,2MASS J14392837+1929150,47.0,72.0,1.03
1354,2936,,,,,LSPM J1440+1339,72.0,92.0,1.19
1355,2937,,,,,2MASS J14482563+1031590 [de],47.0,59.0,0.99
1356,2938,,,,,CFBDSIR 1458+10A,104.0,11.1,1.5
1357,2939,,,,,CFBDSIR 1458+10B,104.0,9.0,1.3
1358,2940,,,,,TVLM 513-46546,35.1,75.0,1.05
1359,2941,,,,,2MASS 1503+2525,20.7,44.0,0.94
1360,2942,,,,,CFBDS J150411+102717,71.0,44.0,0.94
1361,2943,,,,,2MASSW J1506544+132106 [de],46.0,69.0,1.02
1362,2944,,,,,2MASS 1507−1627,23.9,60.0,0.99
1363,2945,,,,,TVLM 868-110639,53.0,79.0,1.08
1364,2947,,,,,2MASSW J1515008+484742 [de],34.0,57.0,0.99
1365,2948,,,,,2MASSI J1526140+204341 [de],67.0,54.0,0.98
1366,2949,,,,,DENIS-P J153941.96-052042.4 [de],51.0,63.0,1.0
1367,2950,,,,,2MASS J15462718-3325111 [de],37.0,44.0,0.94
1368,2951,,,,,2MASSW J1552591+294849 [de],68.0,30.0,1.43
1369,2952,,,,,2MASSW J1555157-095605 [de],44.0,71.0,1.03
1370,2953,,,,,2MASS J16150413+1340079 [de],48.0,42.0,0.94
1371,2954,,,,,SDSSp J162414.37+002915.6 [de],36.0,43.0,0.94
1372,2955,,,,,2MASS J16262034+3925190 [de],110.0,71.0,1.03
1373,2956,,,,,2MASSW J1632291+190441 [de],50.0,49.0,0.97
1374,2957,,,,,WISEPA J164715.59+563208.2,28.0,41.0,0.94
1375,2958,,,,,LSPM J1658+7027 [de],60.0,73.0,1.04
1376,2959,,,,,2MASSI J1726000+153819,114.0,24.0,1.4
1377,2961,,,,,SDSSp J175032.96+175903.9,90.0,47.0,0.97
1378,2962,,,,,2MASS J18283572-4849046,39.0,45.0,0.95
1379,2963,,,,,LSR J1835+3259,18.5,77.0,1.07
1380,2964,,,,,2MASSW J1841086+311727,138.0,67.0,1.01
1381,2965,,,,,2MASS J18432213+4040209,46.0,96.0,1.22
1382,2966,,,,,2MASS J20004841-7523070,105.0,25.0,1.88
1383,2967,,,,,SDSS J204749.61-071818.3,65.0,46.0,0.96
1384,2968,,,,,2MASSI J2057540-025230,47.0,70.0,1.02
1385,2970,,,,,2MASSI J2104149-103736,62.0,69.0,1.02
1386,2971,,,,,PSO J318.5−22,80.0,6.5,1.53
1387,2972,,,,,HB 2124-4228,113.0,94.0,1.21
1388,2973,,,,,2MASS J21392676+0220226,32.1,46.0,0.96
1389,2974,,,,,2MASS J21481628+4003593,26.3,55.0,0.99
1390,2976,,,,,2MASSW J2206450-421721,93.0,22.0,1.33
1391,2977,,,,,2MASSW J2208136+292121,154.0,27.0,1.41
1392,2978,,,,,2MASSW J2224438-015852,38.0,61.0,0.99
1393,2979,,,,,2MASS J22282889-4310262,35.0,42.0,0.94
1394,2980,,,,,2MASS J22373255+3922398,64.0,73.0,1.04
1395,2981,,,,,2MASSW J2244316+204343,56.0,12.0,1.29
1396,2982,,,,,2MASS J23224684-3133231,56.0,24.0,1.39
1397,2983,,,,,2MASS J23225299-6151275,148.0,17.0,1.59
1398,2984,,,,,2MASS J23515044-2537367,67.0,88.0,1.16
1399,2985,,,,,2MASSI J2356547-155310,74.0,80.0,1.09
1400,3023,,,,,WISE 0410+1502,20.0,6.0,1.17
1401,3027,,,,,WISE 0458+6434A,35.9,15.0,4.2
1402,3028,,,,,WISE 0458+6434B,35.9,10.0,3.8
1403,3082,,,,,WISE 1405+5534,25.3,30.0,0.86
1404,3150,,,,,SDSS J000013.54+255418.6 [de],46.1,48.0,0.99
1405,3151,,,,,2MASS J00040288-6410358,192.0,19.0,1.63
1406,3153,,,,,2MASS J00242463-0158201,37.7,79.0,1.09
1407,3155,,,,,2MASS J00274197+0503417,236.0,31.0,1.44
1408,3157,,,,,2MASSW J0030300-145033,87.2,54.0,0.98
1409,3158,,,,,2MASS J00332386-1521309 [de],131.0,29.0,1.43
1410,3159,,,,,2MASS J00345157+0523050,31.0,42.0,0.94
1411,3160,,,,,2MASS 0036+1821,28.6,42.0,0.94
1412,3161,,,,,2MASSW J0045214+163445,57.0,23.0,1.62
1413,3162,,,,,WISEP J004701.06+680352.1 [fr],40.0,12.0,1.3
1414,3163,,,,,2MASS J00501994-3322402 [de],34.0,40.0,0.94
1415,3165,,,,,2MASS J00584253-0651239 [de],96.0,29.0,1.43
1416,3167,,,,,2MASSI J0103320+193536,70.0,52.0,0.98
1417,3168,,,,,SDSSp J010752.33+004156.1 [de],51.0,52.0,0.98
1418,3169,,,,,2MASSI J0117474-340325 [de],163.0,20.0,1.62
1419,3170,,,,,2MASS J01415823-4633574 [de],130.0,20.0,1.61
1420,3171,,,,,SDSS J015141.69+124429.6,70.0,47.0,0.97
1421,3175,,,,,SDSS J020742.48+000056.2 [de],111.0,47.0,0.97
1422,3176,,,,,2MASS J02103857-3015313,101.0,15.0,1.53
1423,3177,,,,,2MASS J02340093-6442068,155.0,20.0,1.62
1424,3178,,,,,2MASS J02411151-0326587 [de],152.0,27.0,1.41
1425,3179,,,,,2MASS J02431371−2453298,35.0,33.0,0.99
1426,3180,,,,,LP 771-21,53.0,78.0,1.08
1427,3182,,,,,2MASS J02535980+3206373,184.0,65.0,1.9
1428,3183,,,,,WISE J0254+0223,24.0,65.0,1.9
1429,3184,,,,,DEN 0255-4700,16.2,80.0,0.97
1430,3185,,,,,2MASS J03185403-3421292 [de],45.0,49.0,0.97
1431,3186,,,,,2MASS J03205965+1854233,47.0,88.0,1.15
1432,3187,,,,,2MASS J03231002-4631237,192.0,23.0,1.66
1433,3188,,,,,SDSS J032553.17+042540.1,59.0,45.0,0.95
1434,3189,,,,,2MASS J03264225-2102057 [de],80.0,18.0,1.3
1435,3190,,,,,2MASS J03284265+2302051 [de],98.0,54.0,0.98
1436,3191,,,,,2MASS J03341218-4953322,27.0,73.0,1.04
1437,3192,,,,,LP 944-20,20.9,73.0,1.43
1438,3193,,,,,2MASP J0345432+254023,88.0,74.0,1.05
1439,3194,,,,,Teide 1,380.0,55.0,3.78
1440,3195,,,,,2MASS J03510004-0052452,48.0,102.0,1.27
1441,3196,,,,,2MASS J03552337+1133437,29.8,20.0,1.32
1442,3198,,,,,2MASS J04151954−0935066,18.6,30.0,0.95
1443,3200,,,,,2MASS J04285096-2253227 [de],85.0,80.0,1.09
1444,3201,,,,,2MASS J04351612-1606574,34.0,100.0,1.26
1445,3202,,,,,2MASS J04362788-4114465,142.0,39.0,1.97
1446,3203,,,,,2MASS J04390101-2353083 [de],29.5,48.0,0.97
1447,3205,,,,,2MASS J04433764+0002040,82.0,22.0,1.78
1448,3206,,,,,2MASS J04455387-3048204 [de],42.0,64.0,1.0
1449,3207,,,,,2MASS J04510093-3402150 [de],69.0,72.0,1.04
1450,3208,,,,,2MASS J05002100+0330501 [de],44.0,64.0,1.0
1451,3209,,,,,2MASS J05012406-0010452 [de],64.0,21.0,1.38
1452,3210,,,,,2MASS J05160945-0445499 [de],73.0,47.0,0.97
1453,3211,,,,,2MASS J0523−1403,40.0,68.0,1.01
1454,3213,,,,,SDSS J053951.99-005902.0,41.62,61.0,1.01
1455,3215,,,,,LSR 0602+3910 [de],34.6,28.0,1.41
1456,3216,,,,,2MASS J06085283-2753583,102.0,38.0,1.51
1457,3219,,,,,2MASS J06244595-4521548 [de],39.0,56.0,0.99
1458,3220,,,,,2MASS J06411840-4322329 [de],65.0,67.0,1.01
1459,3221,,,,,DENIS-P J0652197-253450 [de],51.0,75.0,1.05
1460,3223,,,,,2MASS J07075327-4900503,60.0,72.0,1.03
1461,3224,,,,,UGPS J072227.51-054031.2,13.4,26.0,0.98
1462,3225,,,,,2MASSI J0727182+171001 [de],29.6,41.0,0.94
1463,3226,,,,,2MASS J07290002-3954043 [de],25.8,37.0,0.94
1464,3227,,,,,SDSS J074201.41+205520.5 [de],49.0,43.0,0.94
1465,3229,,,,,DENIS-P J0751164-253043 [de],55.0,71.0,1.03
1466,3230,,,,,2MASS J07522390+1612157,60.0,68.0,2.01
1467,3231,,,,,DENIS J081730.0-615520,16.1,44.0,0.94
1468,3234,,,,,2MASS J08251968+2115521 [de],35.0,52.0,0.98
1469,3235,,,,,SDSSp J083008.12+482847.4 [de],43.0,48.0,0.99
1470,3236,,,,,LHS 2021,55.0,88.0,1.15
1471,3237,,,,,SDSS J083048.80+012831.1 [de],77.0,46.0,0.96
1472,3238,,,,,2MASSI J0835425-081923 [de],23.53,62.0,1.0
1473,3239,,,,,2MASSI J0847287-153237 [de],43.0,64.0,1.0
1474,3240,,,,,2MASS J08533619-0329321,27.6,77.0,1.07
1475,3241,,,,,2MASSI J0859254-194926 [de],50.0,50.0,0.98
1476,3243,,,,,2MASSI J0937347+293142,20.0,42.0,0.94
1477,3244,,,,,2MASS 0939−2448,17.4,32.0,0.95
1478,3245,,,,,2MASS J09490860-1545485 [de],59.0,49.0,0.96
1479,3246,,,,,2MASS J10073369-4555147,46.0,44.0,0.94
1480,3247,,,,,2MASSI J1010148-040649 [de],55.0,51.0,0.98
1481,3250,,,,,2MASS J10224821+5825453 [de],60.0,27.0,1.41
1482,3251,,,,,2MASSW J1036530-344138 [de],53.0,49.0,0.97
1483,3252,,,,,2MASS J1047538+212423 [de],34.4,42.0,0.94
1484,3253,,,,,Luhman 16B,6.516,43.0,1.02
1485,3254,,,,,Luhman 16A,6.516,40.0,1.01
1486,3255,,,,,DENIS-P J1058.7−1548,49.0,64.0,1.0
1487,3256,,,,,TWA 28,180.0,36.0,2.39
1488,3257,,,,,Cha 110913-773444,163.0,8.0,1.8
1489,3259,,,,,SDSS J111010.01+011613.1,63.0,9.0,1.24
1490,3260,,,,,2MASS J11145133−2618235,18.2,33.0,0.96
1491,3261,,,,,TWA 26,137.0,30.0,2.2
1492,3263,,,,,2MASS J11544223-3400390 [de],129.0,37.0,1.5
1493,3264,,,,,2MASSW J1155395-372735 [de],31.0,64.0,1.0
1494,3267,,,,,2MASS J12074836-3900043,217.0,17.0,1.71
1495,3268,,,,,2MASSI J1217110-031113 [de],36.0,42.0,0.94
1496,3271,,,,,2M 1237+6526,45.6,41.0,0.94
1497,3273,,,,,TWA 29,262.0,25.0,2.0
1498,3274,,,,,SDSSp J125453.90-012247.4 [de],38.0,47.0,0.98
1499,3275,,,,,Kelu-1A,61.0,63.0,0.98
1500,3276,,,,,Kelu-1B,61.0,58.0,0.98
1501,3277,,,,,2MASS J13204427+0409045,101.0,67.0,1.01
1502,3278,,,,,SDSSp J132629.82-003831.5 [de],65.0,51.0,0.97
1503,3279,,,,,SDSSp J134646.45-003150.4 [de],48.0,44.0,0.94
1504,3280,,,,,2MASS J13595510-4034582,51.0,63.0,1.0
1505,3281,,,,,ULAS J141623.94+134836.3,29.7,32.0,0.96
1506,3282,,,,,SDSS J141659.78+500626.4 [de],149.0,59.0,0.99
1507,3283,,,,,DENIS-P J142527.97-365023.4 [de],38.0,21.0,1.32
1508,3284,,,,,LHS 2924,38.5,76.0,1.06
1509,3285,,,,,2MASS J14392837+1929150,47.0,72.0,1.03
1510,3286,,,,,LSPM J1440+1339,72.0,92.0,1.19
1511,3287,,,,,2MASS J14482563+1031590 [de],47.0,59.0,0.99
1512,3288,,,,,CFBDSIR 1458+10A,104.0,11.1,1.5
1513,3289,,,,,CFBDSIR 1458+10B,104.0,9.0,1.3
1514,3290,,,,,TVLM 513-46546,35.1,75.0,1.05
1515,3291,,,,,2MASS 1503+2525,20.7,44.0,0.94
1516,3292,,,,,CFBDS J150411+102717,71.0,44.0,0.94
1517,3293,,,,,2MASSW J1506544+132106 [de],46.0,69.0,1.02
1518,3294,,,,,2MASS 1507−1627,23.9,60.0,0.99
1519,3295,,,,,TVLM 868-110639,53.0,79.0,1.08
1520,3297,,,,,2MASSW J1515008+484742 [de],34.0,57.0,0.99
1521,3298,,,,,2MASSI J1526140+204341 [de],67.0,54.0,0.98
1522,3299,,,,,DENIS-P J153941.96-052042.4 [de],51.0,63.0,1.0
1523,3300,,,,,2MASS J15462718-3325111 [de],37.0,44.0,0.94
1524,3301,,,,,2MASSW J1552591+294849 [de],68.0,30.0,1.43
1525,3302,,,,,2MASSW J1555157-095605 [de],44.0,71.0,1.03
1526,3303,,,,,2MASS J16150413+1340079 [de],48.0,42.0,0.94
1527,3304,,,,,SDSSp J162414.37+002915.6 [de],36.0,43.0,0.94
1528,3305,,,,,2MASS J16262034+3925190 [de],110.0,71.0,1.03
1529,3306,,,,,2MASSW J1632291+190441 [de],50.0,49.0,0.97
1530,3307,,,,,WISEPA J164715.59+563208.2,28.0,41.0,0.94
1531,3308,,,,,LSPM J1658+7027 [de],60.0,73.0,1.04
1532,3309,,,,,2MASSI J1726000+153819,114.0,24.0,1.4
1533,3311,,,,,SDSSp J175032.96+175903.9,90.0,47.0,0.97
1534,3312,,,,,2MASS J18283572-4849046,39.0,45.0,0.95
1535,3313,,,,,LSR J1835+3259,18.5,77.0,1.07
1536,3314,,,,,2MASSW J1841086+311727,138.0,67.0,1.01
1537,3315,,,,,2MASS J18432213+4040209,46.0,96.0,1.22
1538,3316,,,,,2MASS J20004841-7523070,105.0,25.0,1.88
1539,3317,,,,,SDSS J204749.61-071818.3,65.0,46.0,0.96
1540,3318,,,,,2MASSI J2057540-025230,47.0,70.0,1.02
1541,3320,,,,,2MASSI J2104149-103736,62.0,69.0,1.02
1542,3321,,,,,PSO J318.5−22,80.0,6.5,1.53
1543,3322,,,,,HB 2124-4228,113.0,94.0,1.21
1544,3323,,,,,2MASS J21392676+0220226,32.1,46.0,0.96
1545,3324,,,,,2MASS J21481628+4003593,26.3,55.0,0.99
1546,3326,,,,,2MASSW J2206450-421721,93.0,22.0,1.33
1547,3327,,,,,2MASSW J2208136+292121,154.0,27.0,1.41
1548,3328,,,,,2MASSW J2224438-015852,38.0,61.0,0.99
1549,3329,,,,,2MASS J22282889-4310262,35.0,42.0,0.94
1550,3330,,,,,2MASS J22373255+3922398,64.0,73.0,1.04
1551,3331,,,,,2MASSW J2244316+204343,56.0,12.0,1.29
1552,3332,,,,,2MASS J23224684-3133231,56.0,24.0,1.39
1553,3333,,,,,2MASS J23225299-6151275,148.0,17.0,1.59
1554,3334,,,,,2MASS J23515044-2537367,67.0,88.0,1.16
1555,3335,,,,,2MASSI J2356547-155310,74.0,80.0,1.09
1556,3373,,,,,WISE 0410+1502,20.0,6.0,1.17
1557,3377,,,,,WISE 0458+6434A,35.9,15.0,4.2
1558,3378,,,,,WISE 0458+6434B,35.9,10.0,3.8
1559,3432,,,,,WISE 1405+5534,25.3,30.0,0.86
