,Mass,Radius
0,0.045820224,4.7373743
1,0.018137172,19.730496
2,0.075412452,3.8741651
3,0.029592228,24.252067999999998
4,0.051547752,8.960933599999999
5,0.027683052,13.461953
6,0.040092696000000004,3.185653
7,0.040092696000000004,2.9390218
8,0.021955524,5.857491
9,0.011455056,4.110519999999999
10,0.03818352,3.4939419999999997
11,0.027683052,9.865248
12,0.049638576000000004,7.193409999999999
13,0.049638576000000004,5.240913
14,0.01909176,16.750369
15,0.01909176,13.35919
16,0.044865636,7.193409999999999
17,0.044865636,11.406692999999999
18,0.014318820000000001,10.379062999999999
19,0.01909176,15.928265
20,0.025773876,15.619976
21,0.031501404000000004,3.5967049999999996
22,0.074457864,5.446439
23,0.06204822,18.908392
24,0.06204822,2.466312
25,0.07636704,1.6647606
26,0.046774812,4.624334999999999
27,0.084003744,4.829860999999999
28,0.021955524,19.730496
29,0.04295646,6.063016999999999
30,0.017182584,8.221039999999999
31,0.051547752,10.070774
32,0.069684924,2.7746009999999997
33,0.069684924,2.1477467
34,0.070639512,9.043144
35,0.05250234,39.04994
36,0.09736797600000001,4.932624
37,0.01909176,3.0623373999999997
38,0.028637640000000002,1.9113918
39,0.07636704,8.734855
40,0.0954588,3.4939419999999997
41,0.037228932,14.592346
42,0.045820224,3.0315084999999997
43,0.021000936,8.426566
44,0.061093632,4.316046
45,0.068730336,7.090647
46,0.061093632,4.521572
47,0.020046348000000002,6.576832
48,0.044865636,7.5016989999999995
49,0.064911984,4.110519999999999
50,0.058229868000000004,4.276996059999999
51,0.026728464,3.5555998
52,0.036274344,10.481826
53,0.053456928,4.007757
54,0.063957396,6.679595
55,0.07159410000000001,5.240913
56,0.068730336,6.16578
57,0.024819288000000002,1.3770242
58,0.039138108,3.0417848
59,0.035319756,2.6512854
60,0.041047284,5.035387
61,0.067775748,5.651965
62,0.064911984,6.16578
63,0.042001872,1.6544843
64,0.049638576000000004,3.5967049999999996
65,0.045820224,4.4188089999999995
66,0.084003744,5.651965
67,0.043911048,7.912750999999999
68,0.059184456,2.41801339
69,0.061093632,4.4188089999999995
70,0.073503276,2.8362588
71,0.0477294,5.1381499999999996
72,0.040092696000000004,2.0552599999999996
73,0.030546816,1.7880761999999997
74,0.046774812,6.063016999999999
75,0.042001872,4.727098
76,0.048683988000000004,5.651965
77,0.025773876,6.16578
78,0.046774812,5.446439
79,0.040092696000000004,3.5350471999999997
80,0.041047284,0.6696037079999999
81,0.03818352,0.6696037079999999
82,0.061093632,5.035387
83,0.034365168,18.497339999999998
84,0.007636704,16.750369
85,0.008591292,6.474068999999999
86,0.031501404000000004,1.8702865999999998
87,0.028637640000000002,14.078531
88,0.035319756,13.256426999999999
89,0.061093632,3.185653
90,0.016227996,22.299571
91,0.040092696000000004,3.6994679999999995
92,0.039138108,4.6859928
93,0.0238647,26.923906
94,0.044865636,3.904994
95,0.060139044,6.268542999999999
96,0.055366104,6.268542999999999
97,0.063957396,10.379062999999999
98,0.048683988000000004,6.679595
99,0.042001872,4.932624
100,0.060139044,5.240913
101,0.030546816,3.0520610999999995
102,0.056320692,15.311687
103,0.020046348000000002,3.904994
104,0.072548688,3.9563754999999996
105,0.068730336,4.829860999999999
106,0.087822096,7.398935999999999
107,0.056320692,4.829860999999999
108,0.0105959268,10.687351999999999
109,0.008591292,10.687351999999999
110,0.07159410000000001,3.6069812999999997
111,0.042001872,2.1271940999999996
112,0.042001872,7.296173
113,0.065866572,4.727098
114,0.057275280000000005,2.4560356999999997
115,0.075412452,5.446439
116,0.054411516,3.4939419999999997
117,0.051547752,6.885121
118,0.060139044,5.240913
119,0.042001872,3.802231
120,0.028637640000000002,6.987883999999999
121,0.067775748,4.521572
122,0.040092696000000004,4.932624
123,0.041047284,3.6994679999999995
124,0.067775748,11.30393
125,0.046774812,5.1381499999999996
126,0.039138108,2.877364
127,0.069684924,6.16578
128,0.022910112,11.714982
129,0.044865636,9.248669999999999
130,0.04295646,4.007757
131,0.073503276,1.9011155
132,0.063957396,14.181294
133,0.091640448,4.727098
134,0.0238647,10.790115
135,0.043911048,6.679595
136,0.06682116,4.829860999999999
137,0.065866572,6.371306
138,0.0062048220000000005,8.221039999999999
139,0.089731272,11.612219
140,0.043911048,3.2986923
141,0.05250234,2.7026669
142,0.021000936,9.556958999999999
143,0.025773876,15.825501999999998
144,0.058229868000000004,3.904994
145,0.040092696000000004,3.5967049999999996
146,0.069684924,6.576832
147,0.011455056,5.754728
148,0.022910112,5.754728
149,0.016227996,15.208924
150,0.084003744,6.885121
151,0.07636704,7.604462
152,0.005727528,2.0552599999999996
153,0.014318820000000001,3.6891916999999994
154,0.00954588,3.6891916999999994
155,0.028637640000000002,2.5999038999999997
156,0.045820224,4.7373743
157,0.018137172,19.730496
158,0.075412452,3.8741651
159,0.029592228,24.252067999999998
160,0.051547752,8.960933599999999
161,0.027683052,13.461953
162,0.040092696000000004,3.185653
163,0.040092696000000004,2.9390218
164,0.021955524,5.857491
165,0.011455056,4.110519999999999
166,0.03818352,3.4939419999999997
167,0.027683052,9.865248
168,0.049638576000000004,7.193409999999999
169,0.049638576000000004,5.240913
170,0.01909176,16.750369
171,0.01909176,13.35919
172,0.044865636,7.193409999999999
173,0.044865636,11.406692999999999
174,0.014318820000000001,10.379062999999999
175,0.01909176,15.928265
176,0.025773876,15.619976
177,0.031501404000000004,3.5967049999999996
178,0.074457864,5.446439
179,0.06204822,18.908392
180,0.06204822,2.466312
181,0.07636704,1.6647606
182,0.046774812,4.624334999999999
183,0.084003744,4.829860999999999
184,0.021955524,19.730496
185,0.04295646,6.063016999999999
186,0.017182584,8.221039999999999
187,0.051547752,10.070774
188,0.069684924,2.7746009999999997
189,0.069684924,2.1477467
190,0.070639512,9.043144
191,0.05250234,39.04994
192,0.09736797600000001,4.932624
193,0.01909176,3.0623373999999997
194,0.028637640000000002,1.9113918
195,0.07636704,8.734855
196,0.0954588,3.4939419999999997
197,0.037228932,14.592346
198,0.045820224,3.0315084999999997
199,0.021000936,8.426566
200,0.061093632,4.316046
201,0.068730336,7.090647
202,0.061093632,4.521572
203,0.020046348000000002,6.576832
204,0.044865636,7.5016989999999995
205,0.064911984,4.110519999999999
206,0.058229868000000004,4.276996059999999
207,0.026728464,3.5555998
208,0.036274344,10.481826
209,0.053456928,4.007757
210,0.063957396,6.679595
211,0.07159410000000001,5.240913
212,0.068730336,6.16578
213,0.024819288000000002,1.3770242
214,0.039138108,3.0417848
215,0.035319756,2.6512854
216,0.041047284,5.035387
217,0.067775748,5.651965
218,0.064911984,6.16578
219,0.042001872,1.6544843
220,0.049638576000000004,3.5967049999999996
221,0.045820224,4.4188089999999995
222,0.084003744,5.651965
223,0.043911048,7.912750999999999
224,0.059184456,2.41801339
225,0.061093632,4.4188089999999995
226,0.073503276,2.8362588
227,0.0477294,5.1381499999999996
228,0.040092696000000004,2.0552599999999996
229,0.030546816,1.7880761999999997
230,0.046774812,6.063016999999999
231,0.042001872,4.727098
232,0.048683988000000004,5.651965
233,0.025773876,6.16578
234,0.046774812,5.446439
235,0.040092696000000004,3.5350471999999997
236,0.041047284,0.6696037079999999
237,0.03818352,0.6696037079999999
238,0.061093632,5.035387
239,0.034365168,18.497339999999998
240,0.007636704,16.750369
241,0.008591292,6.474068999999999
242,0.031501404000000004,1.8702865999999998
243,0.028637640000000002,14.078531
244,0.035319756,13.256426999999999
245,0.061093632,3.185653
246,0.016227996,22.299571
247,0.040092696000000004,3.6994679999999995
248,0.039138108,4.6859928
249,0.0238647,26.923906
250,0.044865636,3.904994
251,0.060139044,6.268542999999999
252,0.055366104,6.268542999999999
253,0.063957396,10.379062999999999
254,0.048683988000000004,6.679595
255,0.042001872,4.932624
256,0.060139044,5.240913
257,0.030546816,3.0520610999999995
258,0.056320692,15.311687
259,0.020046348000000002,3.904994
260,0.072548688,3.9563754999999996
261,0.068730336,4.829860999999999
262,0.087822096,7.398935999999999
263,0.056320692,4.829860999999999
264,0.0105959268,10.687351999999999
265,0.008591292,10.687351999999999
266,0.07159410000000001,3.6069812999999997
267,0.042001872,2.1271940999999996
268,0.042001872,7.296173
269,0.065866572,4.727098
270,0.057275280000000005,2.4560356999999997
271,0.075412452,5.446439
272,0.054411516,3.4939419999999997
273,0.051547752,6.885121
274,0.060139044,5.240913
275,0.042001872,3.802231
276,0.028637640000000002,6.987883999999999
277,0.067775748,4.521572
278,0.040092696000000004,4.932624
279,0.041047284,3.6994679999999995
280,0.067775748,11.30393
281,0.046774812,5.1381499999999996
282,0.039138108,2.877364
283,0.069684924,6.16578
284,0.022910112,11.714982
285,0.044865636,9.248669999999999
286,0.04295646,4.007757
287,0.073503276,1.9011155
288,0.063957396,14.181294
289,0.091640448,4.727098
290,0.0238647,10.790115
291,0.043911048,6.679595
292,0.06682116,4.829860999999999
293,0.065866572,6.371306
294,0.0062048220000000005,8.221039999999999
295,0.089731272,11.612219
296,0.043911048,3.2986923
297,0.05250234,2.7026669
298,0.021000936,9.556958999999999
299,0.025773876,15.825501999999998
300,0.058229868000000004,3.904994
301,0.040092696000000004,3.5967049999999996
302,0.069684924,6.576832
303,0.011455056,5.754728
304,0.022910112,5.754728
305,0.016227996,15.208924
306,0.084003744,6.885121
307,0.07636704,7.604462
308,0.005727528,2.0552599999999996
309,0.014318820000000001,3.6891916999999994
310,0.00954588,3.6891916999999994
311,0.028637640000000002,2.5999038999999997
312,0.045820224,4.7373743
313,0.018137172,19.730496
314,0.075412452,3.8741651
315,0.029592228,24.252067999999998
316,0.051547752,8.960933599999999
317,0.027683052,13.461953
318,0.040092696000000004,3.185653
319,0.040092696000000004,2.9390218
320,0.021955524,5.857491
321,0.011455056,4.110519999999999
322,0.03818352,3.4939419999999997
323,0.027683052,9.865248
324,0.049638576000000004,7.193409999999999
325,0.049638576000000004,5.240913
326,0.01909176,16.750369
327,0.01909176,13.35919
328,0.044865636,7.193409999999999
329,0.044865636,11.406692999999999
330,0.014318820000000001,10.379062999999999
331,0.01909176,15.928265
332,0.025773876,15.619976
333,0.031501404000000004,3.5967049999999996
334,0.074457864,5.446439
335,0.06204822,18.908392
336,0.06204822,2.466312
337,0.07636704,1.6647606
338,0.046774812,4.624334999999999
339,0.084003744,4.829860999999999
340,0.021955524,19.730496
341,0.04295646,6.063016999999999
342,0.017182584,8.221039999999999
343,0.051547752,10.070774
344,0.069684924,2.7746009999999997
345,0.069684924,2.1477467
346,0.070639512,9.043144
347,0.05250234,39.04994
348,0.09736797600000001,4.932624
349,0.01909176,3.0623373999999997
350,0.028637640000000002,1.9113918
351,0.07636704,8.734855
352,0.0954588,3.4939419999999997
353,0.037228932,14.592346
354,0.045820224,3.0315084999999997
355,0.021000936,8.426566
356,0.061093632,4.316046
357,0.068730336,7.090647
358,0.061093632,4.521572
359,0.020046348000000002,6.576832
360,0.044865636,7.5016989999999995
361,0.064911984,4.110519999999999
362,0.058229868000000004,4.276996059999999
363,0.026728464,3.5555998
364,0.036274344,10.481826
365,0.053456928,4.007757
366,0.063957396,6.679595
367,0.07159410000000001,5.240913
368,0.068730336,6.16578
369,0.024819288000000002,1.3770242
370,0.039138108,3.0417848
371,0.035319756,2.6512854
372,0.041047284,5.035387
373,0.067775748,5.651965
374,0.064911984,6.16578
375,0.042001872,1.6544843
376,0.049638576000000004,3.5967049999999996
377,0.045820224,4.4188089999999995
378,0.084003744,5.651965
379,0.043911048,7.912750999999999
380,0.059184456,2.41801339
381,0.061093632,4.4188089999999995
382,0.073503276,2.8362588
383,0.0477294,5.1381499999999996
384,0.040092696000000004,2.0552599999999996
385,0.030546816,1.7880761999999997
386,0.046774812,6.063016999999999
387,0.042001872,4.727098
388,0.048683988000000004,5.651965
389,0.025773876,6.16578
390,0.046774812,5.446439
391,0.040092696000000004,3.5350471999999997
392,0.041047284,0.6696037079999999
393,0.03818352,0.6696037079999999
394,0.061093632,5.035387
395,0.034365168,18.497339999999998
396,0.007636704,16.750369
397,0.008591292,6.474068999999999
398,0.031501404000000004,1.8702865999999998
399,0.028637640000000002,14.078531
400,0.035319756,13.256426999999999
401,0.061093632,3.185653
402,0.016227996,22.299571
403,0.040092696000000004,3.6994679999999995
404,0.039138108,4.6859928
405,0.0238647,26.923906
406,0.044865636,3.904994
407,0.060139044,6.268542999999999
408,0.055366104,6.268542999999999
409,0.063957396,10.379062999999999
410,0.048683988000000004,6.679595
411,0.042001872,4.932624
412,0.060139044,5.240913
413,0.030546816,3.0520610999999995
414,0.056320692,15.311687
415,0.020046348000000002,3.904994
416,0.072548688,3.9563754999999996
417,0.068730336,4.829860999999999
418,0.087822096,7.398935999999999
419,0.056320692,4.829860999999999
420,0.0105959268,10.687351999999999
421,0.008591292,10.687351999999999
422,0.07159410000000001,3.6069812999999997
423,0.042001872,2.1271940999999996
424,0.042001872,7.296173
425,0.065866572,4.727098
426,0.057275280000000005,2.4560356999999997
427,0.075412452,5.446439
428,0.054411516,3.4939419999999997
429,0.051547752,6.885121
430,0.060139044,5.240913
431,0.042001872,3.802231
432,0.028637640000000002,6.987883999999999
433,0.067775748,4.521572
434,0.040092696000000004,4.932624
435,0.041047284,3.6994679999999995
436,0.067775748,11.30393
437,0.046774812,5.1381499999999996
438,0.039138108,2.877364
439,0.069684924,6.16578
440,0.022910112,11.714982
441,0.044865636,9.248669999999999
442,0.04295646,4.007757
443,0.073503276,1.9011155
444,0.063957396,14.181294
445,0.091640448,4.727098
446,0.0238647,10.790115
447,0.043911048,6.679595
448,0.06682116,4.829860999999999
449,0.065866572,6.371306
450,0.0062048220000000005,8.221039999999999
451,0.089731272,11.612219
452,0.043911048,3.2986923
453,0.05250234,2.7026669
454,0.021000936,9.556958999999999
455,0.025773876,15.825501999999998
456,0.058229868000000004,3.904994
457,0.040092696000000004,3.5967049999999996
458,0.069684924,6.576832
459,0.011455056,5.754728
460,0.022910112,5.754728
461,0.016227996,15.208924
462,0.084003744,6.885121
463,0.07636704,7.604462
464,0.005727528,2.0552599999999996
465,0.014318820000000001,3.6891916999999994
466,0.00954588,3.6891916999999994
467,0.028637640000000002,2.5999038999999997
468,0.045820224,4.7373743
469,0.018137172,19.730496
470,0.075412452,3.8741651
471,0.029592228,24.252067999999998
472,0.051547752,8.960933599999999
473,0.027683052,13.461953
474,0.040092696000000004,3.185653
475,0.040092696000000004,2.9390218
476,0.021955524,5.857491
477,0.011455056,4.110519999999999
478,0.03818352,3.4939419999999997
479,0.027683052,9.865248
480,0.049638576000000004,7.193409999999999
481,0.049638576000000004,5.240913
482,0.01909176,16.750369
483,0.01909176,13.35919
484,0.044865636,7.193409999999999
485,0.044865636,11.406692999999999
486,0.014318820000000001,10.379062999999999
487,0.01909176,15.928265
488,0.025773876,15.619976
489,0.031501404000000004,3.5967049999999996
490,0.074457864,5.446439
491,0.06204822,18.908392
492,0.06204822,2.466312
493,0.07636704,1.6647606
494,0.046774812,4.624334999999999
495,0.084003744,4.829860999999999
496,0.021955524,19.730496
497,0.04295646,6.063016999999999
498,0.017182584,8.221039999999999
499,0.051547752,10.070774
500,0.069684924,2.7746009999999997
501,0.069684924,2.1477467
502,0.070639512,9.043144
503,0.05250234,39.04994
504,0.09736797600000001,4.932624
505,0.01909176,3.0623373999999997
506,0.028637640000000002,1.9113918
507,0.07636704,8.734855
508,0.0954588,3.4939419999999997
509,0.037228932,14.592346
510,0.045820224,3.0315084999999997
511,0.021000936,8.426566
512,0.061093632,4.316046
513,0.068730336,7.090647
514,0.061093632,4.521572
515,0.020046348000000002,6.576832
516,0.044865636,7.5016989999999995
517,0.064911984,4.110519999999999
518,0.058229868000000004,4.276996059999999
519,0.026728464,3.5555998
520,0.036274344,10.481826
521,0.053456928,4.007757
522,0.063957396,6.679595
523,0.07159410000000001,5.240913
524,0.068730336,6.16578
525,0.024819288000000002,1.3770242
526,0.039138108,3.0417848
527,0.035319756,2.6512854
528,0.041047284,5.035387
529,0.067775748,5.651965
530,0.064911984,6.16578
531,0.042001872,1.6544843
532,0.049638576000000004,3.5967049999999996
533,0.045820224,4.4188089999999995
534,0.084003744,5.651965
535,0.043911048,7.912750999999999
536,0.059184456,2.41801339
537,0.061093632,4.4188089999999995
538,0.073503276,2.8362588
539,0.0477294,5.1381499999999996
540,0.040092696000000004,2.0552599999999996
541,0.030546816,1.7880761999999997
542,0.046774812,6.063016999999999
543,0.042001872,4.727098
544,0.048683988000000004,5.651965
545,0.025773876,6.16578
546,0.046774812,5.446439
547,0.040092696000000004,3.5350471999999997
548,0.041047284,0.6696037079999999
549,0.03818352,0.6696037079999999
550,0.061093632,5.035387
551,0.034365168,18.497339999999998
552,0.007636704,16.750369
553,0.008591292,6.474068999999999
554,0.031501404000000004,1.8702865999999998
555,0.028637640000000002,14.078531
556,0.035319756,13.256426999999999
557,0.061093632,3.185653
558,0.016227996,22.299571
559,0.040092696000000004,3.6994679999999995
560,0.039138108,4.6859928
561,0.0238647,26.923906
562,0.044865636,3.904994
563,0.060139044,6.268542999999999
564,0.055366104,6.268542999999999
565,0.063957396,10.379062999999999
566,0.048683988000000004,6.679595
567,0.042001872,4.932624
568,0.060139044,5.240913
569,0.030546816,3.0520610999999995
570,0.056320692,15.311687
571,0.020046348000000002,3.904994
572,0.072548688,3.9563754999999996
573,0.068730336,4.829860999999999
574,0.087822096,7.398935999999999
575,0.056320692,4.829860999999999
576,0.0105959268,10.687351999999999
577,0.008591292,10.687351999999999
578,0.07159410000000001,3.6069812999999997
579,0.042001872,2.1271940999999996
580,0.042001872,7.296173
581,0.065866572,4.727098
582,0.057275280000000005,2.4560356999999997
583,0.075412452,5.446439
584,0.054411516,3.4939419999999997
585,0.051547752,6.885121
586,0.060139044,5.240913
587,0.042001872,3.802231
588,0.028637640000000002,6.987883999999999
589,0.067775748,4.521572
590,0.040092696000000004,4.932624
591,0.041047284,3.6994679999999995
592,0.067775748,11.30393
593,0.046774812,5.1381499999999996
594,0.039138108,2.877364
595,0.069684924,6.16578
596,0.022910112,11.714982
597,0.044865636,9.248669999999999
598,0.04295646,4.007757
599,0.073503276,1.9011155
600,0.063957396,14.181294
601,0.091640448,4.727098
602,0.0238647,10.790115
603,0.043911048,6.679595
604,0.06682116,4.829860999999999
605,0.065866572,6.371306
606,0.0062048220000000005,8.221039999999999
607,0.089731272,11.612219
608,0.043911048,3.2986923
609,0.05250234,2.7026669
610,0.021000936,9.556958999999999
611,0.025773876,15.825501999999998
612,0.058229868000000004,3.904994
613,0.040092696000000004,3.5967049999999996
614,0.069684924,6.576832
615,0.011455056,5.754728
616,0.022910112,5.754728
617,0.016227996,15.208924
618,0.084003744,6.885121
619,0.07636704,7.604462
620,0.005727528,2.0552599999999996
621,0.014318820000000001,3.6891916999999994
622,0.00954588,3.6891916999999994
623,0.028637640000000002,2.5999038999999997
624,0.045820224,4.7373743
625,0.018137172,19.730496
626,0.075412452,3.8741651
627,0.029592228,24.252067999999998
628,0.051547752,8.960933599999999
629,0.027683052,13.461953
630,0.040092696000000004,3.185653
631,0.040092696000000004,2.9390218
632,0.021955524,5.857491
633,0.011455056,4.110519999999999
634,0.03818352,3.4939419999999997
635,0.027683052,9.865248
636,0.049638576000000004,7.193409999999999
637,0.049638576000000004,5.240913
638,0.01909176,16.750369
639,0.01909176,13.35919
640,0.044865636,7.193409999999999
641,0.044865636,11.406692999999999
642,0.014318820000000001,10.379062999999999
643,0.01909176,15.928265
644,0.025773876,15.619976
645,0.031501404000000004,3.5967049999999996
646,0.074457864,5.446439
647,0.06204822,18.908392
648,0.06204822,2.466312
649,0.07636704,1.6647606
650,0.046774812,4.624334999999999
651,0.084003744,4.829860999999999
652,0.021955524,19.730496
653,0.04295646,6.063016999999999
654,0.017182584,8.221039999999999
655,0.051547752,10.070774
656,0.069684924,2.7746009999999997
657,0.069684924,2.1477467
658,0.070639512,9.043144
659,0.05250234,39.04994
660,0.09736797600000001,4.932624
661,0.01909176,3.0623373999999997
662,0.028637640000000002,1.9113918
663,0.07636704,8.734855
664,0.0954588,3.4939419999999997
665,0.037228932,14.592346
666,0.045820224,3.0315084999999997
667,0.021000936,8.426566
668,0.061093632,4.316046
669,0.068730336,7.090647
670,0.061093632,4.521572
671,0.020046348000000002,6.576832
672,0.044865636,7.5016989999999995
673,0.064911984,4.110519999999999
674,0.058229868000000004,4.276996059999999
675,0.026728464,3.5555998
676,0.036274344,10.481826
677,0.053456928,4.007757
678,0.063957396,6.679595
679,0.07159410000000001,5.240913
680,0.068730336,6.16578
681,0.024819288000000002,1.3770242
682,0.039138108,3.0417848
683,0.035319756,2.6512854
684,0.041047284,5.035387
685,0.067775748,5.651965
686,0.064911984,6.16578
687,0.042001872,1.6544843
688,0.049638576000000004,3.5967049999999996
689,0.045820224,4.4188089999999995
690,0.084003744,5.651965
691,0.043911048,7.912750999999999
692,0.059184456,2.41801339
693,0.061093632,4.4188089999999995
694,0.073503276,2.8362588
695,0.0477294,5.1381499999999996
696,0.040092696000000004,2.0552599999999996
697,0.030546816,1.7880761999999997
698,0.046774812,6.063016999999999
699,0.042001872,4.727098
700,0.048683988000000004,5.651965
701,0.025773876,6.16578
702,0.046774812,5.446439
703,0.040092696000000004,3.5350471999999997
704,0.041047284,0.6696037079999999
705,0.03818352,0.6696037079999999
706,0.061093632,5.035387
707,0.034365168,18.497339999999998
708,0.007636704,16.750369
709,0.008591292,6.474068999999999
710,0.031501404000000004,1.8702865999999998
711,0.028637640000000002,14.078531
712,0.035319756,13.256426999999999
713,0.061093632,3.185653
714,0.016227996,22.299571
715,0.040092696000000004,3.6994679999999995
716,0.039138108,4.6859928
717,0.0238647,26.923906
718,0.044865636,3.904994
719,0.060139044,6.268542999999999
720,0.055366104,6.268542999999999
721,0.063957396,10.379062999999999
722,0.048683988000000004,6.679595
723,0.042001872,4.932624
724,0.060139044,5.240913
725,0.030546816,3.0520610999999995
726,0.056320692,15.311687
727,0.020046348000000002,3.904994
728,0.072548688,3.9563754999999996
729,0.068730336,4.829860999999999
730,0.087822096,7.398935999999999
731,0.056320692,4.829860999999999
732,0.0105959268,10.687351999999999
733,0.008591292,10.687351999999999
734,0.07159410000000001,3.6069812999999997
735,0.042001872,2.1271940999999996
736,0.042001872,7.296173
737,0.065866572,4.727098
738,0.057275280000000005,2.4560356999999997
739,0.075412452,5.446439
740,0.054411516,3.4939419999999997
741,0.051547752,6.885121
742,0.060139044,5.240913
743,0.042001872,3.802231
744,0.028637640000000002,6.987883999999999
745,0.067775748,4.521572
746,0.040092696000000004,4.932624
747,0.041047284,3.6994679999999995
748,0.067775748,11.30393
749,0.046774812,5.1381499999999996
750,0.039138108,2.877364
751,0.069684924,6.16578
752,0.022910112,11.714982
753,0.044865636,9.248669999999999
754,0.04295646,4.007757
755,0.073503276,1.9011155
756,0.063957396,14.181294
757,0.091640448,4.727098
758,0.0238647,10.790115
759,0.043911048,6.679595
760,0.06682116,4.829860999999999
761,0.065866572,6.371306
762,0.0062048220000000005,8.221039999999999
763,0.089731272,11.612219
764,0.043911048,3.2986923
765,0.05250234,2.7026669
766,0.021000936,9.556958999999999
767,0.025773876,15.825501999999998
768,0.058229868000000004,3.904994
769,0.040092696000000004,3.5967049999999996
770,0.069684924,6.576832
771,0.011455056,5.754728
772,0.022910112,5.754728
773,0.016227996,15.208924
774,0.084003744,6.885121
775,0.07636704,7.604462
776,0.005727528,2.0552599999999996
777,0.014318820000000001,3.6891916999999994
778,0.00954588,3.6891916999999994
779,0.028637640000000002,2.5999038999999997
780,0.045820224,4.7373743
781,0.018137172,19.730496
782,0.075412452,3.8741651
783,0.029592228,24.252067999999998
784,0.051547752,8.960933599999999
785,0.027683052,13.461953
786,0.040092696000000004,3.185653
787,0.040092696000000004,2.9390218
788,0.021955524,5.857491
789,0.011455056,4.110519999999999
790,0.03818352,3.4939419999999997
791,0.027683052,9.865248
792,0.049638576000000004,7.193409999999999
793,0.049638576000000004,5.240913
794,0.01909176,16.750369
795,0.01909176,13.35919
796,0.044865636,7.193409999999999
797,0.044865636,11.406692999999999
798,0.014318820000000001,10.379062999999999
799,0.01909176,15.928265
800,0.025773876,15.619976
801,0.031501404000000004,3.5967049999999996
802,0.074457864,5.446439
803,0.06204822,18.908392
804,0.06204822,2.466312
805,0.07636704,1.6647606
806,0.046774812,4.624334999999999
807,0.084003744,4.829860999999999
808,0.021955524,19.730496
809,0.04295646,6.063016999999999
810,0.017182584,8.221039999999999
811,0.051547752,10.070774
812,0.069684924,2.7746009999999997
813,0.069684924,2.1477467
814,0.070639512,9.043144
815,0.05250234,39.04994
816,0.09736797600000001,4.932624
817,0.01909176,3.0623373999999997
818,0.028637640000000002,1.9113918
819,0.07636704,8.734855
820,0.0954588,3.4939419999999997
821,0.037228932,14.592346
822,0.045820224,3.0315084999999997
823,0.021000936,8.426566
824,0.061093632,4.316046
825,0.068730336,7.090647
826,0.061093632,4.521572
827,0.020046348000000002,6.576832
828,0.044865636,7.5016989999999995
829,0.064911984,4.110519999999999
830,0.058229868000000004,4.276996059999999
831,0.026728464,3.5555998
832,0.036274344,10.481826
833,0.053456928,4.007757
834,0.063957396,6.679595
835,0.07159410000000001,5.240913
836,0.068730336,6.16578
837,0.024819288000000002,1.3770242
838,0.039138108,3.0417848
839,0.035319756,2.6512854
840,0.041047284,5.035387
841,0.067775748,5.651965
842,0.064911984,6.16578
843,0.042001872,1.6544843
844,0.049638576000000004,3.5967049999999996
845,0.045820224,4.4188089999999995
846,0.084003744,5.651965
847,0.043911048,7.912750999999999
848,0.059184456,2.41801339
849,0.061093632,4.4188089999999995
850,0.073503276,2.8362588
851,0.0477294,5.1381499999999996
852,0.040092696000000004,2.0552599999999996
853,0.030546816,1.7880761999999997
854,0.046774812,6.063016999999999
855,0.042001872,4.727098
856,0.048683988000000004,5.651965
857,0.025773876,6.16578
858,0.046774812,5.446439
859,0.040092696000000004,3.5350471999999997
860,0.041047284,0.6696037079999999
861,0.03818352,0.6696037079999999
862,0.061093632,5.035387
863,0.034365168,18.497339999999998
864,0.007636704,16.750369
865,0.008591292,6.474068999999999
866,0.031501404000000004,1.8702865999999998
867,0.028637640000000002,14.078531
868,0.035319756,13.256426999999999
869,0.061093632,3.185653
870,0.016227996,22.299571
871,0.040092696000000004,3.6994679999999995
872,0.039138108,4.6859928
873,0.0238647,26.923906
874,0.044865636,3.904994
875,0.060139044,6.268542999999999
876,0.055366104,6.268542999999999
877,0.063957396,10.379062999999999
878,0.048683988000000004,6.679595
879,0.042001872,4.932624
880,0.060139044,5.240913
881,0.030546816,3.0520610999999995
882,0.056320692,15.311687
883,0.020046348000000002,3.904994
884,0.072548688,3.9563754999999996
885,0.068730336,4.829860999999999
886,0.087822096,7.398935999999999
887,0.056320692,4.829860999999999
888,0.0105959268,10.687351999999999
889,0.008591292,10.687351999999999
890,0.07159410000000001,3.6069812999999997
891,0.042001872,2.1271940999999996
892,0.042001872,7.296173
893,0.065866572,4.727098
894,0.057275280000000005,2.4560356999999997
895,0.075412452,5.446439
896,0.054411516,3.4939419999999997
897,0.051547752,6.885121
898,0.060139044,5.240913
899,0.042001872,3.802231
900,0.028637640000000002,6.987883999999999
901,0.067775748,4.521572
902,0.040092696000000004,4.932624
903,0.041047284,3.6994679999999995
904,0.067775748,11.30393
905,0.046774812,5.1381499999999996
906,0.039138108,2.877364
907,0.069684924,6.16578
908,0.022910112,11.714982
909,0.044865636,9.248669999999999
910,0.04295646,4.007757
911,0.073503276,1.9011155
912,0.063957396,14.181294
913,0.091640448,4.727098
914,0.0238647,10.790115
915,0.043911048,6.679595
916,0.06682116,4.829860999999999
917,0.065866572,6.371306
918,0.0062048220000000005,8.221039999999999
919,0.089731272,11.612219
920,0.043911048,3.2986923
921,0.05250234,2.7026669
922,0.021000936,9.556958999999999
923,0.025773876,15.825501999999998
924,0.058229868000000004,3.904994
925,0.040092696000000004,3.5967049999999996
926,0.069684924,6.576832
927,0.011455056,5.754728
928,0.022910112,5.754728
929,0.016227996,15.208924
930,0.084003744,6.885121
931,0.07636704,7.604462
932,0.005727528,2.0552599999999996
933,0.014318820000000001,3.6891916999999994
934,0.00954588,3.6891916999999994
935,0.028637640000000002,2.5999038999999997
936,0.045820224,4.7373743
937,0.018137172,19.730496
938,0.075412452,3.8741651
939,0.029592228,24.252067999999998
940,0.051547752,8.960933599999999
941,0.027683052,13.461953
942,0.040092696000000004,3.185653
943,0.040092696000000004,2.9390218
944,0.021955524,5.857491
945,0.011455056,4.110519999999999
946,0.03818352,3.4939419999999997
947,0.027683052,9.865248
948,0.049638576000000004,7.193409999999999
949,0.049638576000000004,5.240913
950,0.01909176,16.750369
951,0.01909176,13.35919
952,0.044865636,7.193409999999999
953,0.044865636,11.406692999999999
954,0.014318820000000001,10.379062999999999
955,0.01909176,15.928265
956,0.025773876,15.619976
957,0.031501404000000004,3.5967049999999996
958,0.074457864,5.446439
959,0.06204822,18.908392
960,0.06204822,2.466312
961,0.07636704,1.6647606
962,0.046774812,4.624334999999999
963,0.084003744,4.829860999999999
964,0.021955524,19.730496
965,0.04295646,6.063016999999999
966,0.017182584,8.221039999999999
967,0.051547752,10.070774
968,0.069684924,2.7746009999999997
969,0.069684924,2.1477467
970,0.070639512,9.043144
971,0.05250234,39.04994
972,0.09736797600000001,4.932624
973,0.01909176,3.0623373999999997
974,0.028637640000000002,1.9113918
975,0.07636704,8.734855
976,0.0954588,3.4939419999999997
977,0.037228932,14.592346
978,0.045820224,3.0315084999999997
979,0.021000936,8.426566
980,0.061093632,4.316046
981,0.068730336,7.090647
982,0.061093632,4.521572
983,0.020046348000000002,6.576832
984,0.044865636,7.5016989999999995
985,0.064911984,4.110519999999999
986,0.058229868000000004,4.276996059999999
987,0.026728464,3.5555998
988,0.036274344,10.481826
989,0.053456928,4.007757
990,0.063957396,6.679595
991,0.07159410000000001,5.240913
992,0.068730336,6.16578
993,0.024819288000000002,1.3770242
994,0.039138108,3.0417848
995,0.035319756,2.6512854
996,0.041047284,5.035387
997,0.067775748,5.651965
998,0.064911984,6.16578
999,0.042001872,1.6544843
1000,0.049638576000000004,3.5967049999999996
1001,0.045820224,4.4188089999999995
1002,0.084003744,5.651965
1003,0.043911048,7.912750999999999
1004,0.059184456,2.41801339
1005,0.061093632,4.4188089999999995
1006,0.073503276,2.8362588
1007,0.0477294,5.1381499999999996
1008,0.040092696000000004,2.0552599999999996
1009,0.030546816,1.7880761999999997
1010,0.046774812,6.063016999999999
1011,0.042001872,4.727098
1012,0.048683988000000004,5.651965
1013,0.025773876,6.16578
1014,0.046774812,5.446439
1015,0.040092696000000004,3.5350471999999997
1016,0.041047284,0.6696037079999999
1017,0.03818352,0.6696037079999999
1018,0.061093632,5.035387
1019,0.034365168,18.497339999999998
1020,0.007636704,16.750369
1021,0.008591292,6.474068999999999
1022,0.031501404000000004,1.8702865999999998
1023,0.028637640000000002,14.078531
1024,0.035319756,13.256426999999999
1025,0.061093632,3.185653
1026,0.016227996,22.299571
1027,0.040092696000000004,3.6994679999999995
1028,0.039138108,4.6859928
1029,0.0238647,26.923906
1030,0.044865636,3.904994
1031,0.060139044,6.268542999999999
1032,0.055366104,6.268542999999999
1033,0.063957396,10.379062999999999
1034,0.048683988000000004,6.679595
1035,0.042001872,4.932624
1036,0.060139044,5.240913
1037,0.030546816,3.0520610999999995
1038,0.056320692,15.311687
1039,0.020046348000000002,3.904994
1040,0.072548688,3.9563754999999996
1041,0.068730336,4.829860999999999
1042,0.087822096,7.398935999999999
1043,0.056320692,4.829860999999999
1044,0.0105959268,10.687351999999999
1045,0.008591292,10.687351999999999
1046,0.07159410000000001,3.6069812999999997
1047,0.042001872,2.1271940999999996
1048,0.042001872,7.296173
1049,0.065866572,4.727098
1050,0.057275280000000005,2.4560356999999997
1051,0.075412452,5.446439
1052,0.054411516,3.4939419999999997
1053,0.051547752,6.885121
1054,0.060139044,5.240913
1055,0.042001872,3.802231
1056,0.028637640000000002,6.987883999999999
1057,0.067775748,4.521572
1058,0.040092696000000004,4.932624
1059,0.041047284,3.6994679999999995
1060,0.067775748,11.30393
1061,0.046774812,5.1381499999999996
1062,0.039138108,2.877364
1063,0.069684924,6.16578
1064,0.022910112,11.714982
1065,0.044865636,9.248669999999999
1066,0.04295646,4.007757
1067,0.073503276,1.9011155
1068,0.063957396,14.181294
1069,0.091640448,4.727098
1070,0.0238647,10.790115
1071,0.043911048,6.679595
1072,0.06682116,4.829860999999999
1073,0.065866572,6.371306
1074,0.0062048220000000005,8.221039999999999
1075,0.089731272,11.612219
1076,0.043911048,3.2986923
1077,0.05250234,2.7026669
1078,0.021000936,9.556958999999999
1079,0.025773876,15.825501999999998
1080,0.058229868000000004,3.904994
1081,0.040092696000000004,3.5967049999999996
1082,0.069684924,6.576832
1083,0.011455056,5.754728
1084,0.022910112,5.754728
1085,0.016227996,15.208924
1086,0.084003744,6.885121
1087,0.07636704,7.604462
1088,0.005727528,2.0552599999999996
1089,0.014318820000000001,3.6891916999999994
1090,0.00954588,3.6891916999999994
1091,0.028637640000000002,2.5999038999999997
1092,0.045820224,4.7373743
1093,0.018137172,19.730496
1094,0.075412452,3.8741651
1095,0.029592228,24.252067999999998
1096,0.051547752,8.960933599999999
1097,0.027683052,13.461953
1098,0.040092696000000004,3.185653
1099,0.040092696000000004,2.9390218
1100,0.021955524,5.857491
1101,0.011455056,4.110519999999999
1102,0.03818352,3.4939419999999997
1103,0.027683052,9.865248
1104,0.049638576000000004,7.193409999999999
1105,0.049638576000000004,5.240913
1106,0.01909176,16.750369
1107,0.01909176,13.35919
1108,0.044865636,7.193409999999999
1109,0.044865636,11.406692999999999
1110,0.014318820000000001,10.379062999999999
1111,0.01909176,15.928265
1112,0.025773876,15.619976
1113,0.031501404000000004,3.5967049999999996
1114,0.074457864,5.446439
1115,0.06204822,18.908392
1116,0.06204822,2.466312
1117,0.07636704,1.6647606
1118,0.046774812,4.624334999999999
1119,0.084003744,4.829860999999999
1120,0.021955524,19.730496
1121,0.04295646,6.063016999999999
1122,0.017182584,8.221039999999999
1123,0.051547752,10.070774
1124,0.069684924,2.7746009999999997
1125,0.069684924,2.1477467
1126,0.070639512,9.043144
1127,0.05250234,39.04994
1128,0.09736797600000001,4.932624
1129,0.01909176,3.0623373999999997
1130,0.028637640000000002,1.9113918
1131,0.07636704,8.734855
1132,0.0954588,3.4939419999999997
1133,0.037228932,14.592346
1134,0.045820224,3.0315084999999997
1135,0.021000936,8.426566
1136,0.061093632,4.316046
1137,0.068730336,7.090647
1138,0.061093632,4.521572
1139,0.020046348000000002,6.576832
1140,0.044865636,7.5016989999999995
1141,0.064911984,4.110519999999999
1142,0.058229868000000004,4.276996059999999
1143,0.026728464,3.5555998
1144,0.036274344,10.481826
1145,0.053456928,4.007757
1146,0.063957396,6.679595
1147,0.07159410000000001,5.240913
1148,0.068730336,6.16578
1149,0.024819288000000002,1.3770242
1150,0.039138108,3.0417848
1151,0.035319756,2.6512854
1152,0.041047284,5.035387
1153,0.067775748,5.651965
1154,0.064911984,6.16578
1155,0.042001872,1.6544843
1156,0.049638576000000004,3.5967049999999996
1157,0.045820224,4.4188089999999995
1158,0.084003744,5.651965
1159,0.043911048,7.912750999999999
1160,0.059184456,2.41801339
1161,0.061093632,4.4188089999999995
1162,0.073503276,2.8362588
1163,0.0477294,5.1381499999999996
1164,0.040092696000000004,2.0552599999999996
1165,0.030546816,1.7880761999999997
1166,0.046774812,6.063016999999999
1167,0.042001872,4.727098
1168,0.048683988000000004,5.651965
1169,0.025773876,6.16578
1170,0.046774812,5.446439
1171,0.040092696000000004,3.5350471999999997
1172,0.041047284,0.6696037079999999
1173,0.03818352,0.6696037079999999
1174,0.061093632,5.035387
1175,0.034365168,18.497339999999998
1176,0.007636704,16.750369
1177,0.008591292,6.474068999999999
1178,0.031501404000000004,1.8702865999999998
1179,0.028637640000000002,14.078531
1180,0.035319756,13.256426999999999
1181,0.061093632,3.185653
1182,0.016227996,22.299571
1183,0.040092696000000004,3.6994679999999995
1184,0.039138108,4.6859928
1185,0.0238647,26.923906
1186,0.044865636,3.904994
1187,0.060139044,6.268542999999999
1188,0.055366104,6.268542999999999
1189,0.063957396,10.379062999999999
1190,0.048683988000000004,6.679595
1191,0.042001872,4.932624
1192,0.060139044,5.240913
1193,0.030546816,3.0520610999999995
1194,0.056320692,15.311687
1195,0.020046348000000002,3.904994
1196,0.072548688,3.9563754999999996
1197,0.068730336,4.829860999999999
1198,0.087822096,7.398935999999999
1199,0.056320692,4.829860999999999
1200,0.0105959268,10.687351999999999
1201,0.008591292,10.687351999999999
1202,0.07159410000000001,3.6069812999999997
1203,0.042001872,2.1271940999999996
1204,0.042001872,7.296173
1205,0.065866572,4.727098
1206,0.057275280000000005,2.4560356999999997
1207,0.075412452,5.446439
1208,0.054411516,3.4939419999999997
1209,0.051547752,6.885121
1210,0.060139044,5.240913
1211,0.042001872,3.802231
1212,0.028637640000000002,6.987883999999999
1213,0.067775748,4.521572
1214,0.040092696000000004,4.932624
1215,0.041047284,3.6994679999999995
1216,0.067775748,11.30393
1217,0.046774812,5.1381499999999996
1218,0.039138108,2.877364
1219,0.069684924,6.16578
1220,0.022910112,11.714982
1221,0.044865636,9.248669999999999
1222,0.04295646,4.007757
1223,0.073503276,1.9011155
1224,0.063957396,14.181294
1225,0.091640448,4.727098
1226,0.0238647,10.790115
1227,0.043911048,6.679595
1228,0.06682116,4.829860999999999
1229,0.065866572,6.371306
1230,0.0062048220000000005,8.221039999999999
1231,0.089731272,11.612219
1232,0.043911048,3.2986923
1233,0.05250234,2.7026669
1234,0.021000936,9.556958999999999
1235,0.025773876,15.825501999999998
1236,0.058229868000000004,3.904994
1237,0.040092696000000004,3.5967049999999996
1238,0.069684924,6.576832
1239,0.011455056,5.754728
1240,0.022910112,5.754728
1241,0.016227996,15.208924
1242,0.084003744,6.885121
1243,0.07636704,7.604462
1244,0.005727528,2.0552599999999996
1245,0.014318820000000001,3.6891916999999994
1246,0.00954588,3.6891916999999994
1247,0.028637640000000002,2.5999038999999997
1248,0.045820224,4.7373743
1249,0.018137172,19.730496
1250,0.075412452,3.8741651
1251,0.029592228,24.252067999999998
1252,0.051547752,8.960933599999999
1253,0.027683052,13.461953
1254,0.040092696000000004,3.185653
1255,0.040092696000000004,2.9390218
1256,0.021955524,5.857491
1257,0.011455056,4.110519999999999
1258,0.03818352,3.4939419999999997
1259,0.027683052,9.865248
1260,0.049638576000000004,7.193409999999999
1261,0.049638576000000004,5.240913
1262,0.01909176,16.750369
1263,0.01909176,13.35919
1264,0.044865636,7.193409999999999
1265,0.044865636,11.406692999999999
1266,0.014318820000000001,10.379062999999999
1267,0.01909176,15.928265
1268,0.025773876,15.619976
1269,0.031501404000000004,3.5967049999999996
1270,0.074457864,5.446439
1271,0.06204822,18.908392
1272,0.06204822,2.466312
1273,0.07636704,1.6647606
1274,0.046774812,4.624334999999999
1275,0.084003744,4.829860999999999
1276,0.021955524,19.730496
1277,0.04295646,6.063016999999999
1278,0.017182584,8.221039999999999
1279,0.051547752,10.070774
1280,0.069684924,2.7746009999999997
1281,0.069684924,2.1477467
1282,0.070639512,9.043144
1283,0.05250234,39.04994
1284,0.09736797600000001,4.932624
1285,0.01909176,3.0623373999999997
1286,0.028637640000000002,1.9113918
1287,0.07636704,8.734855
1288,0.0954588,3.4939419999999997
1289,0.037228932,14.592346
1290,0.045820224,3.0315084999999997
1291,0.021000936,8.426566
1292,0.061093632,4.316046
1293,0.068730336,7.090647
1294,0.061093632,4.521572
1295,0.020046348000000002,6.576832
1296,0.044865636,7.5016989999999995
1297,0.064911984,4.110519999999999
1298,0.058229868000000004,4.276996059999999
1299,0.026728464,3.5555998
1300,0.036274344,10.481826
1301,0.053456928,4.007757
1302,0.063957396,6.679595
1303,0.07159410000000001,5.240913
1304,0.068730336,6.16578
1305,0.024819288000000002,1.3770242
1306,0.039138108,3.0417848
1307,0.035319756,2.6512854
1308,0.041047284,5.035387
1309,0.067775748,5.651965
1310,0.064911984,6.16578
1311,0.042001872,1.6544843
1312,0.049638576000000004,3.5967049999999996
1313,0.045820224,4.4188089999999995
1314,0.084003744,5.651965
1315,0.043911048,7.912750999999999
1316,0.059184456,2.41801339
1317,0.061093632,4.4188089999999995
1318,0.073503276,2.8362588
1319,0.0477294,5.1381499999999996
1320,0.040092696000000004,2.0552599999999996
1321,0.030546816,1.7880761999999997
1322,0.046774812,6.063016999999999
1323,0.042001872,4.727098
1324,0.048683988000000004,5.651965
1325,0.025773876,6.16578
1326,0.046774812,5.446439
1327,0.040092696000000004,3.5350471999999997
1328,0.041047284,0.6696037079999999
1329,0.03818352,0.6696037079999999
1330,0.061093632,5.035387
1331,0.034365168,18.497339999999998
1332,0.007636704,16.750369
1333,0.008591292,6.474068999999999
1334,0.031501404000000004,1.8702865999999998
1335,0.028637640000000002,14.078531
1336,0.035319756,13.256426999999999
1337,0.061093632,3.185653
1338,0.016227996,22.299571
1339,0.040092696000000004,3.6994679999999995
1340,0.039138108,4.6859928
1341,0.0238647,26.923906
1342,0.044865636,3.904994
1343,0.060139044,6.268542999999999
1344,0.055366104,6.268542999999999
1345,0.063957396,10.379062999999999
1346,0.048683988000000004,6.679595
1347,0.042001872,4.932624
1348,0.060139044,5.240913
1349,0.030546816,3.0520610999999995
1350,0.056320692,15.311687
1351,0.020046348000000002,3.904994
1352,0.072548688,3.9563754999999996
1353,0.068730336,4.829860999999999
1354,0.087822096,7.398935999999999
1355,0.056320692,4.829860999999999
1356,0.0105959268,10.687351999999999
1357,0.008591292,10.687351999999999
1358,0.07159410000000001,3.6069812999999997
1359,0.042001872,2.1271940999999996
1360,0.042001872,7.296173
1361,0.065866572,4.727098
1362,0.057275280000000005,2.4560356999999997
1363,0.075412452,5.446439
1364,0.054411516,3.4939419999999997
1365,0.051547752,6.885121
1366,0.060139044,5.240913
1367,0.042001872,3.802231
1368,0.028637640000000002,6.987883999999999
1369,0.067775748,4.521572
1370,0.040092696000000004,4.932624
1371,0.041047284,3.6994679999999995
1372,0.067775748,11.30393
1373,0.046774812,5.1381499999999996
1374,0.039138108,2.877364
1375,0.069684924,6.16578
1376,0.022910112,11.714982
1377,0.044865636,9.248669999999999
1378,0.04295646,4.007757
1379,0.073503276,1.9011155
1380,0.063957396,14.181294
1381,0.091640448,4.727098
1382,0.0238647,10.790115
1383,0.043911048,6.679595
1384,0.06682116,4.829860999999999
1385,0.065866572,6.371306
1386,0.0062048220000000005,8.221039999999999
1387,0.089731272,11.612219
1388,0.043911048,3.2986923
1389,0.05250234,2.7026669
1390,0.021000936,9.556958999999999
1391,0.025773876,15.825501999999998
1392,0.058229868000000004,3.904994
1393,0.040092696000000004,3.5967049999999996
1394,0.069684924,6.576832
1395,0.011455056,5.754728
1396,0.022910112,5.754728
1397,0.016227996,15.208924
1398,0.084003744,6.885121
1399,0.07636704,7.604462
1400,0.005727528,2.0552599999999996
1401,0.014318820000000001,3.6891916999999994
1402,0.00954588,3.6891916999999994
1403,0.028637640000000002,2.5999038999999997
1404,0.045820224,4.7373743
1405,0.018137172,19.730496
1406,0.075412452,3.8741651
1407,0.029592228,24.252067999999998
1408,0.051547752,8.960933599999999
1409,0.027683052,13.461953
1410,0.040092696000000004,3.185653
1411,0.040092696000000004,2.9390218
1412,0.021955524,5.857491
1413,0.011455056,4.110519999999999
1414,0.03818352,3.4939419999999997
1415,0.027683052,9.865248
1416,0.049638576000000004,7.193409999999999
1417,0.049638576000000004,5.240913
1418,0.01909176,16.750369
1419,0.01909176,13.35919
1420,0.044865636,7.193409999999999
1421,0.044865636,11.406692999999999
1422,0.014318820000000001,10.379062999999999
1423,0.01909176,15.928265
1424,0.025773876,15.619976
1425,0.031501404000000004,3.5967049999999996
1426,0.074457864,5.446439
1427,0.06204822,18.908392
1428,0.06204822,2.466312
1429,0.07636704,1.6647606
1430,0.046774812,4.624334999999999
1431,0.084003744,4.829860999999999
1432,0.021955524,19.730496
1433,0.04295646,6.063016999999999
1434,0.017182584,8.221039999999999
1435,0.051547752,10.070774
1436,0.069684924,2.7746009999999997
1437,0.069684924,2.1477467
1438,0.070639512,9.043144
1439,0.05250234,39.04994
1440,0.09736797600000001,4.932624
1441,0.01909176,3.0623373999999997
1442,0.028637640000000002,1.9113918
1443,0.07636704,8.734855
1444,0.0954588,3.4939419999999997
1445,0.037228932,14.592346
1446,0.045820224,3.0315084999999997
1447,0.021000936,8.426566
1448,0.061093632,4.316046
1449,0.068730336,7.090647
1450,0.061093632,4.521572
1451,0.020046348000000002,6.576832
1452,0.044865636,7.5016989999999995
1453,0.064911984,4.110519999999999
1454,0.058229868000000004,4.276996059999999
1455,0.026728464,3.5555998
1456,0.036274344,10.481826
1457,0.053456928,4.007757
1458,0.063957396,6.679595
1459,0.07159410000000001,5.240913
1460,0.068730336,6.16578
1461,0.024819288000000002,1.3770242
1462,0.039138108,3.0417848
1463,0.035319756,2.6512854
1464,0.041047284,5.035387
1465,0.067775748,5.651965
1466,0.064911984,6.16578
1467,0.042001872,1.6544843
1468,0.049638576000000004,3.5967049999999996
1469,0.045820224,4.4188089999999995
1470,0.084003744,5.651965
1471,0.043911048,7.912750999999999
1472,0.059184456,2.41801339
1473,0.061093632,4.4188089999999995
1474,0.073503276,2.8362588
1475,0.0477294,5.1381499999999996
1476,0.040092696000000004,2.0552599999999996
1477,0.030546816,1.7880761999999997
1478,0.046774812,6.063016999999999
1479,0.042001872,4.727098
1480,0.048683988000000004,5.651965
1481,0.025773876,6.16578
1482,0.046774812,5.446439
1483,0.040092696000000004,3.5350471999999997
1484,0.041047284,0.6696037079999999
1485,0.03818352,0.6696037079999999
1486,0.061093632,5.035387
1487,0.034365168,18.497339999999998
1488,0.007636704,16.750369
1489,0.008591292,6.474068999999999
1490,0.031501404000000004,1.8702865999999998
1491,0.028637640000000002,14.078531
1492,0.035319756,13.256426999999999
1493,0.061093632,3.185653
1494,0.016227996,22.299571
1495,0.040092696000000004,3.6994679999999995
1496,0.039138108,4.6859928
1497,0.0238647,26.923906
1498,0.044865636,3.904994
1499,0.060139044,6.268542999999999
1500,0.055366104,6.268542999999999
1501,0.063957396,10.379062999999999
1502,0.048683988000000004,6.679595
1503,0.042001872,4.932624
1504,0.060139044,5.240913
1505,0.030546816,3.0520610999999995
1506,0.056320692,15.311687
1507,0.020046348000000002,3.904994
1508,0.072548688,3.9563754999999996
1509,0.068730336,4.829860999999999
1510,0.087822096,7.398935999999999
1511,0.056320692,4.829860999999999
1512,0.0105959268,10.687351999999999
1513,0.008591292,10.687351999999999
1514,0.07159410000000001,3.6069812999999997
1515,0.042001872,2.1271940999999996
1516,0.042001872,7.296173
1517,0.065866572,4.727098
1518,0.057275280000000005,2.4560356999999997
1519,0.075412452,5.446439
1520,0.054411516,3.4939419999999997
1521,0.051547752,6.885121
1522,0.060139044,5.240913
1523,0.042001872,3.802231
1524,0.028637640000000002,6.987883999999999
1525,0.067775748,4.521572
1526,0.040092696000000004,4.932624
1527,0.041047284,3.6994679999999995
1528,0.067775748,11.30393
1529,0.046774812,5.1381499999999996
1530,0.039138108,2.877364
1531,0.069684924,6.16578
1532,0.022910112,11.714982
1533,0.044865636,9.248669999999999
1534,0.04295646,4.007757
1535,0.073503276,1.9011155
1536,0.063957396,14.181294
1537,0.091640448,4.727098
1538,0.0238647,10.790115
1539,0.043911048,6.679595
1540,0.06682116,4.829860999999999
1541,0.065866572,6.371306
1542,0.0062048220000000005,8.221039999999999
1543,0.089731272,11.612219
1544,0.043911048,3.2986923
1545,0.05250234,2.7026669
1546,0.021000936,9.556958999999999
1547,0.025773876,15.825501999999998
1548,0.058229868000000004,3.904994
1549,0.040092696000000004,3.5967049999999996
1550,0.069684924,6.576832
1551,0.011455056,5.754728
1552,0.022910112,5.754728
1553,0.016227996,15.208924
1554,0.084003744,6.885121
1555,0.07636704,7.604462
1556,0.005727528,2.0552599999999996
1557,0.014318820000000001,3.6891916999999994
1558,0.00954588,3.6891916999999994
1559,0.028637640000000002,2.5999038999999997
